employee,cluster,main_mode2023,main_mode2024,
21948553,1,bike,bike,Same
23811543,2,public_transport,public_transport,Same
24472838,0,spostamento multimodale,public_transport,Changed
25478049,0,motorcycle,motorcycle,Same
25644407,1,car,public_transport,Changed
26353682,1,public_transport,public_transport,Same
26472120,1,public_transport,public_transport,Same
27255638,0,car,car,Same
27453517,1,bike,bike,Same
27461446,0,car,car,Same
29152854,0,public_transport,car,Changed
29392983,0,public_transport,public_transport,Same
30161153,1,car,car,Same
34351478,1,public_transport,spostamento multimodale,Changed
35605697,0,car,car,Same
36297368,1,bike,bike,Same
37087150,0,car,car,Same
37539775,1,public_transport,car,Changed
38473690,0,spostamento multimodale,public_transport,Changed
40000600,1,car,car,Same
40617652,0,car,car,Same
41547176,0,motorcycle,car,Changed
43219332,1,public_transport,public_transport,Same
43742074,1,motorcycle,motorcycle,Same
44967113,2,car,car,Same
46152693,0,car,car,Same
46746807,0,car,car,Same
48223826,1,car,car,Same
50419972,0,public_transport,public_transport,Same
51606187,2,car,car,Same
51946450,0,public_transport,public_transport,Same
52829041,0,car,car,Same
54126450,2,public_transport,public_transport,Same
54249998,0,car,car,Same
56222831,0,car,car,Same
58139072,1,car,car,Same
60983651,1,car,car,Same
62288042,2,car,car,Same
62383717,2,car,car,Same
62479698,1,car,car,Same
63398107,0,motorcycle,car,Changed
63526462,1,car,walking,Changed
63725275,0,car,car,Same
65241693,0,walking,walking,Same
66913212,2,car,public_transport,Changed
66993544,0,car,car,Same
72145411,1,car,car,Same
72172061,1,car,car,Same
73128948,1,public_transport,public_transport,Same
73723860,0,car,car,Same
74270356,1,motorcycle,car,Changed
74509769,0,car,car,Same
75942379,2,car,car,Same
77273162,0,car,car,Same
77626161,0,car,car,Same
78518464,0,car,car,Same
80094484,1,car,car,Same
82801647,2,public_transport,public_transport,Same
84723335,0,car,car,Same
85275771,1,car,car,Same
85810338,0,spostamento multimodale,spostamento multimodale,Same
86094029,1,car,car,Same
90077285,0,car,car,Same
90606849,0,car,car,Same
90724331,1,bike,motorcycle,Changed
90984372,1,car,car,Same
92512057,1,bike,bike,Same
93402576,1,carpooling_passenger,car,Changed
97324760,0,car,car,Same
98635338,0,car,car,Same
98695783,0,car,car,Same
100668308,1,car,car,Same
102308725,1,car,car,Same
104074838,0,public_transport,public_transport,Same
104623081,0,car,car,Same
105388489,1,car,car,Same
106347114,1,car,car,Same
106525375,1,car,car,Same
107955390,2,car,car,Same
108113400,0,car,car,Same
108538394,1,walking,walking,Same
110273877,1,public_transport,public_transport,Same
111877704,1,car,car,Same
112153362,1,public_transport,public_transport,Same
112607109,0,public_transport,public_transport,Same
113469894,0,car,car,Same
113802680,0,spostamento multimodale,spostamento multimodale,Same
118421812,0,spostamento multimodale,spostamento multimodale,Same
118652540,1,car,car,Same
119055346,1,car,car,Same
120392797,2,car,car,Same
121976878,0,car,car,Same
122486154,0,car,car,Same
124703067,0,public_transport,public_transport,Same
127238374,1,car,car,Same
127287880,0,public_transport,car,Changed
128342595,0,public_transport,public_transport,Same
129304779,1,car,car,Same
132731970,0,car,car,Same
133744357,1,car,car,Same
137599638,0,car,carpooling_passenger,Changed
138380070,0,car,car,Same
139216370,1,car,car,Same
143031265,0,car,car,Same
149080344,0,motorcycle,motorcycle,Same
150155683,0,car,car,Same
152153456,1,public_transport,public_transport,Same
152194535,0,car,car,Same
152797216,1,motorcycle,motorcycle,Same
153000508,0,motorcycle,motorcycle,Same
153072006,0,car,public_transport,Changed
153980131,0,car,car,Same
155561882,1,car,car,Same
155999100,0,car,car,Same
157010409,1,car,car,Same
158830779,1,car,car,Same
158904814,1,car,car,Same
162458411,1,car,car,Same
164750107,0,car,car,Same
165087714,0,car,car,Same
169759160,0,car,car,Same
170551078,1,car,car,Same
177624962,1,public_transport,public_transport,Same
181011242,1,car,car,Same
182122428,2,public_transport,public_transport,Same
185399991,1,public_transport,car,Changed
187195121,0,car,car,Same
187320349,2,public_transport,public_transport,Same
188085781,1,public_transport,public_transport,Same
189537734,0,car,car,Same
191476407,0,car,car,Same
192130673,0,spostamento multimodale,public_transport,Changed
193501753,0,spostamento multimodale,spostamento multimodale,Same
193909642,2,car,car,Same
194347020,1,car,car,Same
198394226,1,car,car,Same
200203186,0,car,car,Same
201838613,2,car,car,Same
203452935,1,car,car,Same
203669491,0,car,car,Same
204502728,1,car,car,Same
204672607,0,car,car,Same
206607776,0,car,car,Same
207057299,0,car,car,Same
207496503,1,car,car,Same
209625958,0,public_transport,public_transport,Same
210187539,1,public_transport,public_transport,Same
211620368,2,car,car,Same
216801802,2,motorcycle,motorcycle,Same
217023828,2,car,car,Same
224379641,0,car,car,Same
225976210,1,car,car,Same
228196865,1,car,car,Same
230312432,2,car,public_transport,Changed
234577375,1,public_transport,public_transport,Same
234672526,2,public_transport,motorcycle,Changed
234710725,2,car,car,Same
235201988,1,car,car,Same
235881722,1,walking,walking,Same
239382613,1,car,car,Same
239517604,1,public_transport,public_transport,Same
239990107,0,car,car,Same
240242064,1,car,car,Same
244403950,0,car,car,Same
246288358,1,car,car,Same
247355717,0,car,car,Same
247750576,0,car,car,Same
248597017,0,car,car,Same
253305904,0,public_transport,car,Changed
253427119,1,public_transport,public_transport,Same
253594889,1,car,motorcycle,Changed
256600000,0,car,car,Same
258410187,2,public_transport,public_transport,Same
258448327,1,car,car,Same
259823218,1,car,spostamento multimodale,Changed
260733416,1,car,car,Same
261594551,0,car,car,Same
264982285,1,car,walking,Changed
266271878,1,car,car,Same
271008607,1,public_transport,motorcycle,Changed
271565997,0,motorcycle,car,Changed
273602920,1,car,car,Same
273619628,1,spostamento multimodale,car,Changed
274811055,2,bike,bike,Same
275053170,0,carpooling_driver,car,Changed
276675968,1,car,car,Same
277495203,0,car,car,Same
281291625,2,car,car,Same
286451502,0,public_transport,public_transport,Same
287181385,1,public_transport,public_transport,Same
287324531,0,car,car,Same
287567336,0,public_transport,public_transport,Same
289492425,0,public_transport,public_transport,Same
290679456,0,car,car,Same
291438033,0,spostamento multimodale,public_transport,Changed
292092272,1,public_transport,public_transport,Same
292699431,1,public_transport,public_transport,Same
293237988,1,motorcycle,motorcycle,Same
293485349,1,motorcycle,motorcycle,Same
294255432,1,public_transport,public_transport,Same
294372228,0,spostamento multimodale,car,Changed
295094619,1,car,car,Same
297503310,0,car,car,Same
301756420,0,motorcycle,motorcycle,Same
303487710,0,car,car,Same
305213569,2,car,car,Same
305383108,1,bike,bike,Same
306208823,1,car,car,Same
313014654,0,public_transport,public_transport,Same
313492935,1,public_transport,public_transport,Same
316414359,0,car,carpooling_driver,Changed
317700404,0,car,car,Same
317810632,1,car,car,Same
318001980,1,carpooling_passenger,car,Changed
322673599,0,car,car,Same
322973868,1,car,car,Same
324160925,0,car,car,Same
324261765,0,car,car,Same
326222378,2,car,car,Same
327632179,1,car,car,Same
327956909,2,car,car,Same
328266960,0,motorcycle,car,Changed
329590248,1,car,car,Same
330378125,0,car,car,Same
330932712,1,bike,car,Changed
331924527,1,motorcycle,motorcycle,Same
333857026,2,car,car,Same
334124671,0,car,car,Same
334662147,1,bike,bike,Same
337856182,0,car,car,Same
341112204,1,car,car,Same
342730276,1,walking,walking,Same
343759708,0,car,public_transport,Changed
344828983,0,car,car,Same
346932074,1,walking,car,Changed
350719219,1,car,car,Same
351487949,0,car,car,Same
352796868,2,motorcycle,motorcycle,Same
352828569,1,motorcycle,motorcycle,Same
356161781,0,car,car,Same
363002117,0,public_transport,public_transport,Same
369776328,1,car,car,Same
371531829,0,public_transport,car,Changed
372135283,0,car,car,Same
372172136,0,car,car,Same
373606690,0,car,car,Same
373642854,1,motorcycle,motorcycle,Same
373670112,1,car,car,Same
377016659,0,spostamento multimodale,public_transport,Changed
377087045,1,car,car,Same
377959478,0,public_transport,car,Changed
379630690,0,spostamento multimodale,public_transport,Changed
379700960,1,car,car,Same
379727117,1,public_transport,public_transport,Same
380045901,2,motorcycle,car,Changed
382330052,0,spostamento multimodale,public_transport,Changed
385807841,1,bike,bike,Same
385928242,0,public_transport,public_transport,Same
387107577,0,public_transport,public_transport,Same
390844414,0,public_transport,car,Changed
391280804,2,car,car,Same
391937870,2,car,public_transport,Changed
393981944,0,public_transport,car,Changed
395509105,1,car,car,Same
396373948,1,car,car,Same
399898659,2,car,carpooling_driver,Changed
401873671,1,car,car,Same
402641225,0,spostamento multimodale,spostamento multimodale,Same
403923014,1,car,car,Same
404726372,1,car,car,Same
404998138,0,spostamento multimodale,spostamento multimodale,Same
405219552,1,car,car,Same
405232412,0,public_transport,public_transport,Same
408018403,1,car,car,Same
409000631,1,public_transport,public_transport,Same
410216406,0,car,car,Same
411448460,0,public_transport,car,Changed
412623600,1,spostamento multimodale,spostamento multimodale,Same
413040540,0,car,car,Same
414240734,1,walking,walking,Same
415015684,0,car,car,Same
416402517,0,car,carpooling_driver,Changed
416687202,0,public_transport,public_transport,Same
418530774,1,car,car,Same
420899953,0,motorcycle,motorcycle,Same
427283136,0,car,carpooling_driver,Changed
427643716,0,car,car,Same
429695630,1,car,car,Same
430140909,1,bike,bike,Same
430800961,0,car,car,Same
432276121,1,car,car,Same
432424552,1,public_transport,public_transport,Same
434112993,0,spostamento multimodale,car,Changed
436516102,0,motorcycle,motorcycle,Same
437527760,2,car,car,Same
439025677,1,motorcycle,motorcycle,Same
442998098,1,motorcycle,motorcycle,Same
443404091,0,car,car,Same
445244899,1,public_transport,public_transport,Same
447069146,1,public_transport,public_transport,Same
449386202,1,public_transport,public_transport,Same
450382284,1,car,car,Same
451785815,1,bike,bike,Same
453099185,2,public_transport,public_transport,Same
453228900,0,spostamento multimodale,public_transport,Changed
453881184,1,car,car,Same
455459401,1,motorcycle,motorcycle,Same
457313150,2,motorcycle,motorcycle,Same
457590865,0,public_transport,public_transport,Same
458104966,1,carpooling_passenger,car,Changed
458539963,0,spostamento multimodale,spostamento multimodale,Same
460436084,1,car,car,Same
461822822,0,car,car,Same
463261936,2,spostamento multimodale,spostamento multimodale,Same
463314815,1,bike,bike,Same
465742895,2,public_transport,public_transport,Same
467291523,0,car,car,Same
467309215,0,car,car,Same
469433455,0,car,car,Same
470801869,1,car,car,Same
472554544,0,car,car,Same
473928750,1,car,car,Same
474103089,0,carpooling_driver,carpooling_driver,Same
481894530,1,car,car,Same
484082000,2,public_transport,public_transport,Same
485944084,2,car,car,Same
486397334,1,car,car,Same
487026795,1,public_transport,public_transport,Same
487098311,0,public_transport,public_transport,Same
487435696,1,car,car,Same
487770778,1,car,car,Same
489803724,1,car,car,Same
489825815,0,public_transport,car,Changed
490274897,2,public_transport,public_transport,Same
490648562,1,car,car,Same
491483322,1,public_transport,spostamento multimodale,Changed
495196092,1,car,car,Same
497261594,0,spostamento multimodale,spostamento multimodale,Same
497943025,1,public_transport,public_transport,Same
498584450,1,spostamento multimodale,public_transport,Changed
500754676,0,spostamento multimodale,spostamento multimodale,Same
503497824,1,car,car,Same
503780668,1,motorcycle,motorcycle,Same
504758151,0,car,car,Same
504937838,0,public_transport,public_transport,Same
505458914,2,public_transport,public_transport,Same
511765645,0,spostamento multimodale,spostamento multimodale,Same
512010836,0,public_transport,public_transport,Same
512531029,1,public_transport,public_transport,Same
513964937,1,car,car,Same
514754134,1,walking,walking,Same
519446922,0,car,car,Same
521951329,0,motorcycle,motorcycle,Same
521983367,0,car,car,Same
523620434,1,car,car,Same
525310676,0,public_transport,public_transport,Same
526406566,2,spostamento multimodale,bike,Changed
526573868,1,carpooling_driver,carpooling_driver,Same
526602043,0,public_transport,public_transport,Same
527396106,1,public_transport,public_transport,Same
528143338,1,car,car,Same
529003391,2,car,car,Same
531177309,0,spostamento multimodale,spostamento multimodale,Same
531929476,1,bike,car,Changed
533458124,1,car,car,Same
535612394,1,car,car,Same
535845040,0,car,car,Same
536229919,0,public_transport,public_transport,Same
537031579,0,public_transport,public_transport,Same
537497062,0,car,car,Same
540406490,1,car,car,Same
541855618,1,public_transport,public_transport,Same
541990150,1,public_transport,public_transport,Same
542731611,0,carpooling_driver,car,Changed
543602419,0,public_transport,public_transport,Same
544810960,1,bike,walking,Changed
546758209,1,public_transport,public_transport,Same
547283257,0,motorcycle,motorcycle,Same
550070225,0,car,car,Same
550681080,1,bike,public_transport,Changed
551085087,1,public_transport,public_transport,Same
551676270,1,bike,bike,Same
555024781,1,car,car,Same
557558542,1,spostamento multimodale,public_transport,Changed
557997730,0,spostamento multimodale,spostamento multimodale,Same
558621100,0,motorcycle,motorcycle,Same
560625202,1,public_transport,public_transport,Same
560630106,1,bike,bike,Same
565609899,1,car,motorcycle,Changed
566205371,1,car,car,Same
566801637,1,car,car,Same
567113447,1,walking,car,Changed
567199683,0,car,car,Same
567824643,1,public_transport,public_transport,Same
569347915,0,car,car,Same
569856548,1,motorcycle,motorcycle,Same
569955686,0,car,car,Same
571333004,0,car,car,Same
573200038,1,walking,walking,Same
573410027,1,public_transport,public_transport,Same
573967693,2,car,car,Same
575812073,0,car,car,Same
576608327,0,public_transport,spostamento multimodale,Changed
581652450,0,car,car,Same
581859692,2,public_transport,public_transport,Same
584984067,1,car,car,Same
585647209,1,walking,bike,Changed
589442200,1,car,car,Same
589513786,2,car,car,Same
591500704,0,car,car,Same
593753124,0,motorcycle,motorcycle,Same
594293777,0,public_transport,car,Changed
594415443,1,public_transport,public_transport,Same
596421813,0,car,car,Same
597373221,0,car,car,Same
602718788,1,car,car,Same
602731758,2,car,car,Same
602906898,0,car,car,Same
605047428,1,motorcycle,motorcycle,Same
605490423,1,public_transport,public_transport,Same
608442565,0,bike,bike,Same
609521477,1,public_transport,public_transport,Same
610574201,2,car,car,Same
611788880,1,walking,walking,Same
612014075,2,public_transport,public_transport,Same
612424366,1,walking,car,Changed
612756507,1,car,car,Same
615496027,0,car,public_transport,Changed
615889367,1,public_transport,public_transport,Same
616462553,1,car,car,Same
616742013,1,public_transport,public_transport,Same
616814449,1,public_transport,spostamento multimodale,Changed
618086151,0,car,car,Same
620397509,0,car,car,Same
621203443,0,car,public_transport,Changed
621402325,0,car,car,Same
625753665,1,public_transport,public_transport,Same
625803592,1,car,car,Same
627733658,0,car,car,Same
628637751,1,car,car,Same
629501359,2,car,car,Same
631084669,1,car,motorcycle,Changed
634076041,0,car,car,Same
638058918,1,motorcycle,car,Changed
638090715,1,car,car,Same
638470994,0,car,car,Same
639706549,0,car,car,Same
641335231,0,car,car,Same
641675553,0,motorcycle,car,Changed
642942360,2,car,car,Same
646034632,1,car,car,Same
646412633,2,spostamento multimodale,spostamento multimodale,Same
646661982,2,car,car,Same
647927660,2,motorcycle,motorcycle,Same
650676619,0,motorcycle,motorcycle,Same
651532363,0,car,car,Same
652489828,1,public_transport,public_transport,Same
653690907,1,car,car,Same
654832353,0,car,car,Same
654996794,0,spostamento multimodale,spostamento multimodale,Same
659089255,0,car,car,Same
660454089,0,car,car,Same
660694634,1,public_transport,public_transport,Same
660823608,1,car,car,Same
661401249,0,car,car,Same
666225527,1,car,car,Same
666269949,1,public_transport,public_transport,Same
668240829,1,car,car,Same
668495605,1,public_transport,public_transport,Same
669001811,0,car,public_transport,Changed
671069574,0,spostamento multimodale,public_transport,Changed
671898354,1,public_transport,public_transport,Same
673727025,1,car,car,Same
674298662,0,motorcycle,motorcycle,Same
675459746,0,public_transport,public_transport,Same
677354307,1,car,car,Same
678350788,0,car,motorcycle,Changed
680333475,2,car,car,Same
682541591,0,public_transport,public_transport,Same
683725413,1,motorcycle,motorcycle,Same
685602838,0,car,car,Same
689758445,1,car,car,Same
690454204,0,car,car,Same
692509067,2,car,car,Same
693061569,1,car,car,Same
693258347,0,car,car,Same
693621575,1,car,car,Same
694810309,0,car,car,Same
694987094,0,car,car,Same
696271596,0,car,car,Same
696967970,2,car,car,Same
700666458,0,car,car,Same
705991551,2,car,spostamento multimodale,Changed
707276692,0,car,car,Same
710382651,1,car,car,Same
711059155,1,car,walking,Changed
711354342,0,car,motorcycle,Changed
711971429,2,car,car,Same
713711626,0,car,car,Same
714503803,2,carpooling_driver,car,Changed
715163985,1,motorcycle,motorcycle,Same
715927176,1,car,car,Same
718147378,1,public_transport,public_transport,Same
718353143,1,car,car,Same
718779068,2,car,car,Same
718783998,0,car,car,Same
721098215,1,public_transport,public_transport,Same
723360171,0,car,car,Same
723901274,1,motorcycle,motorcycle,Same
726129047,1,car,car,Same
729795996,1,car,car,Same
730007441,0,car,public_transport,Changed
731833572,2,car,car,Same
731900183,0,car,car,Same
732249025,2,public_transport,public_transport,Same
733689330,2,car,car,Same
734392780,1,car,car,Same
735851732,0,car,car,Same
736721200,1,car,car,Same
736817881,1,car,car,Same
739169177,1,car,car,Same
739469620,2,car,motorcycle,Changed
741603991,0,spostamento multimodale,spostamento multimodale,Same
743950850,1,car,car,Same
744918933,2,car,car,Same
746082998,1,car,car,Same
746099181,1,motorcycle,motorcycle,Same
747096261,2,car,car,Same
748642828,0,car,car,Same
749251087,2,spostamento multimodale,public_transport,Changed
750199959,0,car,public_transport,Changed
753214194,1,car,car,Same
753683520,1,public_transport,public_transport,Same
756631943,1,public_transport,public_transport,Same
758150964,1,car,car,Same
759714273,1,public_transport,public_transport,Same
759802994,0,spostamento multimodale,spostamento multimodale,Same
760200222,0,car,car,Same
760736512,0,car,car,Same
762790208,1,bike,bike,Same
763311291,0,car,car,Same
769033829,0,car,car,Same
769078405,0,car,car,Same
769217033,0,car,spostamento multimodale,Changed
771314627,1,car,car,Same
771441254,1,car,car,Same
771876744,0,car,car,Same
772410804,0,public_transport,carpooling_passenger,Changed
773494969,1,car,car,Same
774685613,2,public_transport,public_transport,Same
781839484,0,spostamento multimodale,public_transport,Changed
782965255,1,car,car,Same
783000831,1,car,car,Same
783259863,1,motorcycle,car,Changed
783940687,1,car,car,Same
790805833,0,car,car,Same
792572606,1,car,car,Same
798794081,0,spostamento multimodale,motorcycle,Changed
800658530,1,car,car,Same
800830880,1,car,car,Same
802342957,0,spostamento multimodale,spostamento multimodale,Same
803381234,0,car,car,Same
806957287,2,car,car,Same
807614750,0,car,car,Same
807938083,1,car,car,Same
808107723,1,car,car,Same
808618298,1,car,car,Same
809857111,1,car,car,Same
809866859,0,public_transport,public_transport,Same
810999891,1,motorcycle,public_transport,Changed
812817117,2,public_transport,public_transport,Same
813138903,0,spostamento multimodale,public_transport,Changed
813798459,1,bike,bike,Same
816966385,1,car,car,Same
818274197,0,car,car,Same
818731888,0,public_transport,carpooling_passenger,Changed
819053655,1,walking,walking,Same
820797667,1,car,car,Same
822535776,0,car,motorcycle,Changed
823989186,0,car,car,Same
825769103,1,car,carpooling_driver,Changed
825833440,0,car,car,Same
826835210,1,car,car,Same
828294951,1,car,car,Same
829442911,2,public_transport,public_transport,Same
829871943,1,bike,bike,Same
830959992,2,car,car,Same
833793687,0,motorcycle,car,Changed
834611189,1,walking,walking,Same
835345966,2,car,car,Same
837246738,2,car,car,Same
837796398,1,car,car,Same
838198381,1,car,car,Same
839548751,1,public_transport,public_transport,Same
840966638,1,car,car,Same
844232839,1,public_transport,public_transport,Same
846908704,0,car,motorcycle,Changed
848618374,0,car,car,Same
848712201,1,car,car,Same
849668778,2,car,car,Same
850069990,0,motorcycle,motorcycle,Same
852026456,1,car,car,Same
852203972,0,car,car,Same
855289427,0,car,car,Same
857431114,1,public_transport,public_transport,Same
859649677,2,car,public_transport,Changed
862277041,1,bike,bike,Same
862752388,1,public_transport,walking,Changed
866234162,0,car,car,Same
867383264,0,car,car,Same
873224502,1,public_transport,public_transport,Same
873471587,1,public_transport,public_transport,Same
873648090,0,car,car,Same
875162176,1,bike,bike,Same
876225005,0,public_transport,public_transport,Same
877575386,1,car,car,Same
878990856,1,car,car,Same
879520964,2,car,car,Same
880379934,2,spostamento multimodale,public_transport,Changed
881662605,0,spostamento multimodale,spostamento multimodale,Same
882699999,0,spostamento multimodale,car,Changed
883553431,1,walking,walking,Same
886382057,0,car,car,Same
891987425,1,bike,walking,Changed
894172525,1,car,car,Same
894236816,0,car,car,Same
899626864,0,car,car,Same
902118760,1,car,car,Same
902720074,2,public_transport,public_transport,Same
903386561,0,public_transport,public_transport,Same
904286032,0,car,car,Same
905639785,1,car,car,Same
906398917,1,car,car,Same
909202538,1,spostamento multimodale,spostamento multimodale,Same
910331375,0,car,car,Same
914805293,0,public_transport,spostamento multimodale,Changed
916235565,0,car,car,Same
918319650,0,public_transport,public_transport,Same
918962595,0,car,car,Same
919538091,2,car,car,Same
922250572,1,car,car,Same
922407246,2,car,car,Same
923257999,0,car,car,Same
923613057,0,car,car,Same
923614699,0,car,car,Same
924720823,1,public_transport,public_transport,Same
925536360,1,car,car,Same
926300370,1,car,car,Same
926650503,2,car,car,Same
927385174,1,public_transport,public_transport,Same
929244838,0,car,carpooling_driver,Changed
933185558,1,car,car,Same
934196709,0,public_transport,public_transport,Same
935661132,0,spostamento multimodale,spostamento multimodale,Same
935719541,0,public_transport,public_transport,Same
937633673,1,public_transport,public_transport,Same
937952361,0,public_transport,public_transport,Same
938920019,0,motorcycle,motorcycle,Same
939596377,1,public_transport,public_transport,Same
942052734,2,car,car,Same
942925912,2,car,car,Same
942987552,0,car,car,Same
944126677,0,car,car,Same
944682496,1,car,car,Same
945173343,0,car,car,Same
945881903,1,public_transport,public_transport,Same
946131221,1,motorcycle,motorcycle,Same
946458899,2,public_transport,public_transport,Same
948731815,1,car,car,Same
948838045,0,spostamento multimodale,spostamento multimodale,Same
949626164,1,motorcycle,motorcycle,Same
954419868,0,car,car,Same
955343096,1,car,car,Same
955656215,0,car,car,Same
955833080,0,car,car,Same
957356684,0,spostamento multimodale,spostamento multimodale,Same
957929766,1,car,car,Same
958295755,0,car,car,Same
961225712,1,public_transport,public_transport,Same
965912559,1,car,public_transport,Changed
968381227,0,public_transport,public_transport,Same
968777604,0,car,car,Same
969696534,1,motorcycle,motorcycle,Same
971409712,0,car,car,Same
971947228,1,car,car,Same
973334216,1,car,car,Same
981702765,1,public_transport,public_transport,Same
982148679,1,public_transport,public_transport,Same
986809192,0,car,car,Same
990783915,0,car,car,Same
991313388,1,car,car,Same
993452302,1,car,car,Same
993894313,2,car,car,Same
994203531,1,car,car,Same
994372744,1,public_transport,public_transport,Same
998812275,1,car,car,Same
999148604,0,car,car,Same
1000050114,1,public_transport,public_transport,Same
1000081182,1,car,car,Same
1000677401,1,public_transport,public_transport,Same
1001337286,2,public_transport,public_transport,Same
1001553271,1,public_transport,public_transport,Same
1002334386,1,car,car,Same
1002415037,1,car,car,Same
1002981252,0,public_transport,public_transport,Same
1003217073,0,car,car,Same
1007429245,0,spostamento multimodale,public_transport,Changed
1008953349,1,car,car,Same
1010073813,0,public_transport,car,Changed
1013383707,0,motorcycle,motorcycle,Same
1013412473,0,carpooling_passenger,carpooling_passenger,Same
1013444799,1,car,car,Same
1013506169,1,car,car,Same
1014596029,0,car,car,Same
1015274148,0,spostamento multimodale,spostamento multimodale,Same
1015726503,1,public_transport,car,Changed
1017062294,1,car,car,Same
1021550864,2,car,car,Same
1022043139,1,car,car,Same
1022299557,1,motorcycle,motorcycle,Same
1022517088,1,car,car,Same
1023481796,1,car,car,Same
1025693381,1,car,car,Same
1027698229,1,car,car,Same
1028072006,1,car,car,Same
1029076372,2,public_transport,public_transport,Same
1030246357,1,car,walking,Changed
1038250886,1,public_transport,public_transport,Same
1038409575,1,car,car,Same
1040492425,1,car,car,Same
1040773412,0,public_transport,public_transport,Same
1043403601,0,car,car,Same
1044080545,1,motorcycle,motorcycle,Same
1044763461,2,car,car,Same
1045109662,1,public_transport,car,Changed
1048431544,1,car,car,Same
1048603900,0,car,car,Same
1051022104,2,car,car,Same
1051079826,1,car,car,Same
1054343216,1,car,car,Same
1055034961,2,car,car,Same
1055132919,2,public_transport,public_transport,Same
1057779041,1,walking,walking,Same
1059473857,1,car,car,Same
1059968968,1,walking,walking,Same
1061287717,1,car,car,Same
1063863710,0,carpooling_driver,car,Changed
1066478317,1,public_transport,public_transport,Same
1069958038,0,car,car,Same
1070348109,1,car,car,Same
1070447281,0,motorcycle,motorcycle,Same
1073554909,1,walking,car,Changed
1073575739,0,motorcycle,motorcycle,Same
1074033946,0,public_transport,public_transport,Same
1074138863,1,car,car,Same
1074585448,0,car,car,Same
1078208941,0,car,car,Same
1080725409,1,public_transport,car,Changed
1085673135,1,public_transport,car,Changed
1087797882,0,car,car,Same
1089259932,1,public_transport,public_transport,Same
1090023582,2,car,car,Same
1090808731,1,car,car,Same
1093034771,0,motorcycle,motorcycle,Same
1093367993,2,spostamento multimodale,spostamento multimodale,Same
1098846446,1,bike,bike,Same
1099216680,0,car,car,Same
1102906961,0,car,car,Same
1103705756,1,public_transport,public_transport,Same
1104559928,0,motorcycle,motorcycle,Same
1107046152,1,car,car,Same
1108492538,1,bike,walking,Changed
1109655450,1,car,public_transport,Changed
1120985196,1,car,car,Same
1122177463,0,car,car,Same
1122559368,2,public_transport,walking,Changed
1123804600,1,bike,bike,Same
1124425403,0,car,car,Same
1124872236,1,car,car,Same
1126036078,0,car,carpooling_passenger,Changed
1126981250,1,car,car,Same
1127838663,1,public_transport,public_transport,Same
1128422476,2,car,car,Same
1128855551,1,bike,bike,Same
1130991689,1,car,car,Same
1133943662,1,car,car,Same
1134397703,1,motorcycle,motorcycle,Same
1135579664,1,public_transport,public_transport,Same
1135763674,1,public_transport,public_transport,Same
1138377919,0,car,car,Same
1140364370,0,motorcycle,motorcycle,Same
1141203534,1,car,car,Same
1141568321,1,car,public_transport,Changed
1142316220,0,public_transport,public_transport,Same
1142517991,0,car,car,Same
1144935922,1,car,car,Same
1145008691,1,public_transport,public_transport,Same
1146621990,1,car,car,Same
1147381576,0,public_transport,public_transport,Same
1147638287,0,car,car,Same
1149473187,1,public_transport,public_transport,Same
1149735153,0,public_transport,public_transport,Same
1149999671,0,car,car,Same
1151262352,0,spostamento multimodale,public_transport,Changed
1158047895,1,car,car,Same
1158075283,1,car,car,Same
1158914085,1,motorcycle,motorcycle,Same
1159619391,0,car,car,Same
1160010620,1,car,car,Same
1160038010,1,motorcycle,motorcycle,Same
1161019188,1,car,bike,Changed
1162096395,1,public_transport,public_transport,Same
1162737532,1,motorcycle,motorcycle,Same
1163426533,1,car,car,Same
1164428974,1,car,car,Same
1166119499,0,car,car,Same
1173581017,0,car,car,Same
1173791782,1,car,public_transport,Changed
1174202749,1,walking,car,Changed
1174529364,0,car,car,Same
1175027200,1,public_transport,public_transport,Same
1176406633,0,car,car,Same
1177841397,1,public_transport,public_transport,Same
1179327996,1,car,car,Same
1179898855,0,public_transport,public_transport,Same
1180266545,0,carpooling_driver,car,Changed
1181000272,1,public_transport,public_transport,Same
1181342552,0,motorcycle,car,Changed
1181492559,1,car,motorcycle,Changed
1184293036,2,car,car,Same
1184723765,0,public_transport,public_transport,Same
1185234596,1,car,car,Same
1187017631,1,bike,bike,Same
1187653998,1,car,car,Same
1188715589,0,car,car,Same
1190458119,0,public_transport,public_transport,Same
1196329104,0,public_transport,spostamento multimodale,Changed
1197388961,1,public_transport,public_transport,Same
1198689281,1,motorcycle,motorcycle,Same
1198701053,0,car,car,Same
1200801609,1,car,car,Same
1201666820,0,car,car,Same
1202266387,1,car,car,Same
1203124797,0,car,car,Same
1205101767,0,car,car,Same
1206025205,1,car,public_transport,Changed
1206269989,1,public_transport,public_transport,Same
1208633799,0,car,car,Same
1209051326,1,car,car,Same
1210655960,1,bike,bike,Same
1212138987,1,public_transport,motorcycle,Changed
1216788665,0,carpooling_driver,car,Changed
1217283956,1,public_transport,public_transport,Same
1219156612,0,car,car,Same
1222284036,1,carpooling_driver,car,Changed
1222331809,0,car,car,Same
1223846999,0,car,car,Same
1224754414,1,car,car,Same
1225390942,1,car,car,Same
1228748079,2,car,car,Same
1228964336,1,public_transport,public_transport,Same
1229533582,1,public_transport,public_transport,Same
1229912609,0,car,car,Same
1230800615,0,car,car,Same
1231925547,2,motorcycle,motorcycle,Same
1233081069,2,public_transport,public_transport,Same
1233447769,2,public_transport,public_transport,Same
1233813305,1,car,car,Same
1238054873,2,car,car,Same
1245371966,1,car,car,Same
1247099951,1,public_transport,public_transport,Same
1247282557,0,car,car,Same
1248382011,1,public_transport,car,Changed
1250829295,1,car,car,Same
1250864665,0,spostamento multimodale,spostamento multimodale,Same
1252362929,1,car,car,Same
1252709817,0,motorcycle,car,Changed
1252820425,2,car,car,Same
1252965095,1,car,car,Same
1253615498,2,public_transport,public_transport,Same
1253662904,2,car,car,Same
1254015771,1,car,car,Same
1256590632,1,bike,bike,Same
1258972046,0,spostamento multimodale,public_transport,Changed
1259823919,1,car,car,Same
1260896991,0,car,car,Same
1261268981,1,car,car,Same
1262458202,1,motorcycle,motorcycle,Same
1270309224,0,car,car,Same
1271625859,1,car,car,Same
1274318350,1,public_transport,public_transport,Same
1275990404,0,car,car,Same
1276661460,1,motorcycle,motorcycle,Same
1276850744,0,car,car,Same
1277537662,1,car,car,Same
1277685349,0,car,car,Same
1281632017,1,car,car,Same
1283552193,0,public_transport,public_transport,Same
1284387411,1,motorcycle,motorcycle,Same
1286033445,2,car,car,Same
1286565808,0,car,car,Same
1286829778,1,car,car,Same
1288926840,1,car,car,Same
1289994371,1,car,car,Same
1293448271,0,public_transport,public_transport,Same
1296371804,0,car,car,Same
1297526071,1,public_transport,car,Changed
1298358740,1,bike,walking,Changed
1300351111,1,car,car,Same
1301662526,1,public_transport,public_transport,Same
1303334630,0,car,car,Same
1304593244,0,car,car,Same
1305962842,1,car,car,Same
1306327628,0,public_transport,public_transport,Same
1309373308,1,public_transport,public_transport,Same
1310952180,0,public_transport,public_transport,Same
1311416764,2,car,spostamento multimodale,Changed
1312465436,1,car,bike,Changed
1314573407,0,spostamento multimodale,spostamento multimodale,Same
1316732711,0,public_transport,public_transport,Same
1322018044,1,walking,walking,Same
1323780794,0,spostamento multimodale,public_transport,Changed
1325124705,1,car,car,Same
1326094623,0,car,car,Same
1326628809,1,motorcycle,motorcycle,Same
1326916937,2,motorcycle,motorcycle,Same
1332938493,1,car,car,Same
1333280454,1,car,car,Same
1333567651,2,motorcycle,motorcycle,Same
1334320385,1,walking,walking,Same
1337780076,0,car,car,Same
1339247886,0,car,car,Same
1339493779,1,car,car,Same
1339654838,0,spostamento multimodale,spostamento multimodale,Same
1340271714,0,car,car,Same
1340670984,0,spostamento multimodale,public_transport,Changed
1341113221,1,car,car,Same
1341639890,0,spostamento multimodale,spostamento multimodale,Same
1342776256,0,car,car,Same
1343736681,1,car,car,Same
1344498537,2,car,car,Same
1344560360,0,car,walking,Changed
1346520043,1,car,car,Same
1346766592,1,car,car,Same
1347350319,0,car,spostamento multimodale,Changed
1349052062,0,car,car,Same
1349302478,0,car,public_transport,Changed
1349468987,1,car,car,Same
1350591756,2,public_transport,public_transport,Same
1351389885,0,car,car,Same
1351463948,2,car,car,Same
1351837929,0,car,car,Same
1353142347,1,car,car,Same
1353858986,2,car,car,Same
1353958285,1,car,car,Same
1354444956,0,car,car,Same
1356168505,2,car,car,Same
1357537833,2,public_transport,spostamento multimodale,Changed
1357951678,0,car,car,Same
1358879103,1,car,car,Same
1358996532,0,car,car,Same
1359001119,0,car,car,Same
1359541709,0,public_transport,public_transport,Same
1362421431,0,car,car,Same
1362678086,1,car,car,Same
1365574703,1,motorcycle,motorcycle,Same
1365586500,1,motorcycle,motorcycle,Same
1365790858,0,car,car,Same
1367964204,0,car,car,Same
1369776675,0,car,car,Same
1372351531,0,car,car,Same
1372843602,0,carpooling_driver,car,Changed
1376263014,0,public_transport,public_transport,Same
1380540849,1,public_transport,public_transport,Same
1380739732,0,spostamento multimodale,spostamento multimodale,Same
1380984740,1,public_transport,public_transport,Same
1381506835,1,car,car,Same
1385605929,0,car,car,Same
1385632038,0,car,car,Same
1386299769,1,car,car,Same
1386960883,0,public_transport,public_transport,Same
1387687559,1,public_transport,public_transport,Same
1389573293,0,car,car,Same
1391137319,1,car,car,Same
1391659289,1,public_transport,public_transport,Same
1392651583,1,car,car,Same
1393167678,1,public_transport,public_transport,Same
1396277247,0,car,car,Same
1396980932,0,car,car,Same
1399665388,1,car,car,Same
1401151449,1,public_transport,public_transport,Same
1405970567,1,car,car,Same
1406994954,2,car,car,Same
1407542528,1,car,walking,Changed
1408107909,1,car,car,Same
1412387361,1,car,car,Same
1412975704,0,public_transport,car,Changed
1413908272,2,car,car,Same
1414712888,0,car,car,Same
1414890455,1,car,car,Same
1415552338,1,car,car,Same
1415864177,0,car,car,Same
1418584149,2,car,car,Same
1420333025,0,public_transport,public_transport,Same
1421322694,0,car,car,Same
1422906155,0,car,car,Same
1425744822,1,motorcycle,motorcycle,Same
1426235166,0,spostamento multimodale,car,Changed
1428952352,1,car,car,Same
1431590174,1,car,car,Same
1431653826,1,car,car,Same
1431698386,1,public_transport,public_transport,Same
1434390451,0,car,car,Same
1435638521,1,bike,motorcycle,Changed
1435664697,1,walking,bike,Changed
1436559251,1,walking,walking,Same
1436930986,0,carpooling_driver,carpooling_driver,Same
1437038472,0,spostamento multimodale,spostamento multimodale,Same
1437250147,1,bike,car,Changed
1438755199,1,car,carpooling_passenger,Changed
1438845012,0,spostamento multimodale,public_transport,Changed
1439304063,1,car,car,Same
1439612743,1,public_transport,public_transport,Same
1441326567,1,motorcycle,motorcycle,Same
1446549603,1,public_transport,public_transport,Same
1448526217,1,public_transport,public_transport,Same
1449345953,2,spostamento multimodale,spostamento multimodale,Same
1450247800,1,car,car,Same
1451118059,1,car,car,Same
1452949344,0,car,car,Same
1453018061,0,car,car,Same
1453683207,0,public_transport,public_transport,Same
1455233580,1,walking,walking,Same
1456102990,1,car,car,Same
1457361688,1,public_transport,public_transport,Same
1459597726,1,car,car,Same
1459681944,1,public_transport,public_transport,Same
1460095498,1,public_transport,public_transport,Same
1460683736,1,car,car,Same
1461288149,1,car,car,Same
1470427092,1,public_transport,public_transport,Same
1473075543,1,motorcycle,motorcycle,Same
1476946236,1,walking,walking,Same
1477802045,0,car,car,Same
1478106515,2,public_transport,public_transport,Same
1479680978,1,car,car,Same
1480105674,0,car,car,Same
1482253585,2,car,car,Same
1483898068,0,car,car,Same
1483966515,0,car,car,Same
1486624933,1,public_transport,car,Changed
1488651903,1,car,car,Same
1490219925,2,public_transport,walking,Changed
1490303288,1,car,car,Same
1493100895,0,car,car,Same
1493630326,0,public_transport,public_transport,Same
1495737879,0,spostamento multimodale,public_transport,Changed
1496168508,0,car,car,Same
1496579521,0,public_transport,spostamento multimodale,Changed
1496999962,0,car,car,Same
1497298105,0,car,car,Same
1500355501,0,public_transport,public_transport,Same
1502168226,1,car,car,Same
1502338893,1,car,car,Same
1502385251,1,car,car,Same
1504560512,0,car,car,Same
1507594392,0,car,car,Same
1510959668,0,car,car,Same
1511406772,0,spostamento multimodale,motorcycle,Changed
1512008310,0,car,car,Same
1512994957,1,public_transport,public_transport,Same
1513227879,2,car,car,Same
1514134254,0,car,car,Same
1514526810,2,motorcycle,motorcycle,Same
1516086036,2,car,car,Same
1517097547,1,public_transport,public_transport,Same
1517650682,0,spostamento multimodale,spostamento multimodale,Same
1520022448,1,car,car,Same
1520980431,1,car,car,Same
1521263436,0,motorcycle,motorcycle,Same
1522588349,1,public_transport,public_transport,Same
1522852948,1,car,car,Same
1523195758,0,public_transport,car,Changed
1526034253,1,public_transport,public_transport,Same
1528321380,2,car,car,Same
1528357612,1,public_transport,car,Changed
1528994297,0,public_transport,public_transport,Same
1529147279,1,car,car,Same
1529646791,0,spostamento multimodale,public_transport,Changed
1531814881,1,car,car,Same
1532553106,2,car,car,Same
1533635561,1,public_transport,public_transport,Same
1536817382,1,car,car,Same
1537249580,1,car,car,Same
1537428819,1,car,car,Same
1538118812,1,public_transport,car,Changed
1539614267,1,bike,bike,Same
1539635185,1,car,car,Same
1544814541,1,car,car,Same
1545003925,1,car,car,Same
1548359466,0,car,car,Same
1549434239,0,car,car,Same
1550110781,0,car,car,Same
1550722711,1,motorcycle,motorcycle,Same
1552292133,1,car,car,Same
1553528413,1,motorcycle,motorcycle,Same
1554325552,1,public_transport,public_transport,Same
1557512208,1,car,car,Same
1558978607,0,public_transport,spostamento multimodale,Changed
1560876560,1,carpooling_driver,car,Changed
1561844862,1,public_transport,public_transport,Same
1563135375,1,public_transport,car,Changed
1564040357,1,public_transport,public_transport,Same
1564307717,1,motorcycle,motorcycle,Same
1565229450,1,public_transport,public_transport,Same
1566525121,1,bike,car,Changed
1567750464,1,public_transport,public_transport,Same
1570407831,1,car,car,Same
1570420221,0,car,car,Same
1570462566,1,car,car,Same
1571926618,0,motorcycle,car,Changed
1572056986,2,car,car,Same
1572105091,0,car,car,Same
1573879090,0,car,car,Same
1575188588,0,car,car,Same
1579023703,0,car,car,Same
1580433199,0,spostamento multimodale,spostamento multimodale,Same
1585358366,1,motorcycle,bike,Changed
1587202783,0,car,car,Same
1587351458,0,motorcycle,motorcycle,Same
1588000784,2,car,car,Same
1588193837,1,public_transport,public_transport,Same
1589571351,2,motorcycle,motorcycle,Same
1590490591,1,car,car,Same
1591495607,0,car,car,Same
1592065400,0,car,car,Same
1593218324,0,car,car,Same
1597864724,1,car,car,Same
1599132073,1,public_transport,public_transport,Same
1603374118,2,car,car,Same
1605022264,0,bike,bike,Same
1607210857,2,walking,public_transport,Changed
1608421663,1,public_transport,public_transport,Same
1608579067,1,motorcycle,motorcycle,Same
1608598711,0,public_transport,public_transport,Same
1609088153,0,spostamento multimodale,spostamento multimodale,Same
1610192434,2,car,car,Same
1610381572,0,car,car,Same
1610752244,1,car,car,Same
1610819582,2,public_transport,public_transport,Same
1613969976,0,car,car,Same
1615109753,1,car,car,Same
1617932093,1,car,car,Same
1618934799,1,public_transport,public_transport,Same
1619537259,1,car,car,Same
1619782461,2,car,car,Same
1619844724,1,motorcycle,motorcycle,Same
1621245169,1,public_transport,public_transport,Same
1625389928,2,public_transport,walking,Changed
1625592897,1,car,car,Same
1627176712,0,spostamento multimodale,public_transport,Changed
1629055011,1,walking,bike,Changed
1629266868,0,spostamento multimodale,car,Changed
1629819346,1,motorcycle,motorcycle,Same
1631095734,1,public_transport,public_transport,Same
1631125071,2,car,car,Same
1631187053,1,public_transport,public_transport,Same
1631304871,2,car,car,Same
1631696688,1,car,car,Same
1632190377,1,car,car,Same
1634338591,0,public_transport,public_transport,Same
1634374727,0,spostamento multimodale,public_transport,Changed
1634490967,0,car,car,Same
1635564892,1,public_transport,public_transport,Same
1636096782,2,car,car,Same
1637246717,1,car,car,Same
1642655118,0,public_transport,public_transport,Same
1645406793,1,walking,public_transport,Changed
1650013763,0,car,car,Same
1650510276,0,spostamento multimodale,spostamento multimodale,Same
1650845838,0,public_transport,public_transport,Same
1653867121,2,public_transport,car,Changed
1654357524,0,car,car,Same
1657133902,0,car,car,Same
1658928071,1,car,car,Same
1661549754,1,motorcycle,motorcycle,Same
1662761964,1,public_transport,public_transport,Same
1667613757,0,car,car,Same
1670028640,0,car,car,Same
1670885109,0,car,car,Same
1671076544,2,car,car,Same
1672097169,1,public_transport,car,Changed
1672742632,0,bike,bike,Same
1674896931,0,car,spostamento multimodale,Changed
1675920473,0,car,public_transport,Changed
1679519011,1,car,car,Same
1681028991,0,car,car,Same
1681089422,0,car,car,Same
1681378989,0,spostamento multimodale,spostamento multimodale,Same
1681388900,2,car,car,Same
1683281880,1,public_transport,car,Changed
1685933154,0,car,car,Same
1686560683,1,car,car,Same
1688444271,0,car,car,Same
1688928691,0,spostamento multimodale,motorcycle,Changed
1689716007,0,car,car,Same
1690606133,1,car,car,Same
1691912891,1,public_transport,public_transport,Same
1696197801,1,motorcycle,motorcycle,Same
1697389877,1,motorcycle,motorcycle,Same
1698330188,2,car,car,Same
1698341776,0,car,car,Same
1698546227,1,car,car,Same
1698914560,0,car,car,Same
1699454783,0,car,car,Same
1700664163,0,car,car,Same
1701065441,1,bike,bike,Same
1701582242,1,motorcycle,motorcycle,Same
1702115633,0,bike,bike,Same
1706070500,0,spostamento multimodale,spostamento multimodale,Same
1708117672,1,car,car,Same
1712165415,0,car,spostamento multimodale,Changed
1713298808,2,public_transport,public_transport,Same
1714411874,0,car,car,Same
1715365761,1,car,car,Same
1717755852,0,car,car,Same
1717979651,0,car,car,Same
1720299254,0,spostamento multimodale,carpooling_driver,Changed
1720417584,1,public_transport,public_transport,Same
1720515491,0,motorcycle,motorcycle,Same
1720803851,0,spostamento multimodale,public_transport,Changed
1721244682,1,car,car,Same
1721572267,1,public_transport,public_transport,Same
1724612076,1,car,car,Same
1726731886,0,car,car,Same
1730532739,0,motorcycle,motorcycle,Same
1732126314,0,public_transport,public_transport,Same
1735290199,0,car,car,Same
1737536270,1,car,car,Same
1738801824,1,walking,walking,Same
1740311595,0,car,car,Same
1740598150,0,public_transport,public_transport,Same
1741152047,0,car,car,Same
1741380544,1,bike,car,Changed
1744524199,1,car,car,Same
1745181567,0,car,car,Same
1747988362,0,spostamento multimodale,spostamento multimodale,Same
1748706299,2,public_transport,public_transport,Same
1751528260,0,car,car,Same
1751939563,0,carpooling_passenger,carpooling_passenger,Same
1755361429,1,car,car,Same
1755922204,0,public_transport,public_transport,Same
1756577215,1,walking,walking,Same
1757021486,0,car,car,Same
1759161161,1,car,car,Same
1759501784,1,public_transport,public_transport,Same
1767356437,0,motorcycle,spostamento multimodale,Changed
1767647964,1,public_transport,public_transport,Same
1768297409,1,car,car,Same
1771712121,0,car,spostamento multimodale,Changed
1775932419,1,public_transport,public_transport,Same
1779469766,1,car,car,Same
1782456324,1,motorcycle,motorcycle,Same
1782522422,1,car,bike,Changed
1783275338,0,car,car,Same
1783839547,0,car,car,Same
1784261093,0,car,car,Same
1785122787,1,car,car,Same
1785445327,0,car,car,Same
1786556292,0,spostamento multimodale,public_transport,Changed
1786928062,0,motorcycle,motorcycle,Same
1786996997,2,car,car,Same
1790478238,0,car,car,Same
1791571157,1,car,car,Same
1792403190,0,car,car,Same
1792986262,2,car,car,Same
1795243388,1,public_transport,public_transport,Same
1795752512,1,car,car,Same
1796902759,1,car,car,Same
1800611655,1,public_transport,public_transport,Same
1801999228,1,public_transport,public_transport,Same
1802401885,1,public_transport,public_transport,Same
1802736474,1,motorcycle,motorcycle,Same
1805894795,0,carpooling_driver,car,Changed
1810062598,2,spostamento multimodale,car,Changed
1812254237,2,car,car,Same
1812813851,1,motorcycle,motorcycle,Same
1812942300,0,car,public_transport,Changed
1813202208,0,car,carpooling_driver,Changed
1814679826,1,walking,walking,Same
1815400754,2,car,car,Same
1815542434,1,public_transport,car,Changed
1815624831,1,bike,bike,Same
1818213844,1,spostamento multimodale,public_transport,Changed
1818821769,1,car,car,Same
1819093102,0,car,car,Same
1819217361,1,car,car,Same
1820279541,1,public_transport,public_transport,Same
1820318958,0,car,car,Same
1820888747,0,spostamento multimodale,spostamento multimodale,Same
1821345062,0,car,car,Same
1823810533,1,car,car,Same
1825187335,1,public_transport,public_transport,Same
1825544826,0,public_transport,public_transport,Same
1825962801,0,car,car,Same
1826377260,1,car,car,Same
1826473187,0,car,car,Same
1827920658,1,car,car,Same
1828599596,0,public_transport,public_transport,Same
1831680122,0,car,car,Same
1832788303,0,motorcycle,motorcycle,Same
1832871613,1,motorcycle,car,Changed
1833644334,1,car,car,Same
1833852870,1,car,public_transport,Changed
1836887555,0,car,car,Same
1838517802,1,car,car,Same
1839566898,0,spostamento multimodale,public_transport,Changed
1840286463,0,car,car,Same
1840756113,0,spostamento multimodale,spostamento multimodale,Same
1841066585,1,public_transport,public_transport,Same
1841453427,0,motorcycle,motorcycle,Same
1846326344,1,car,public_transport,Changed
1851721547,1,car,car,Same
1854312702,0,public_transport,public_transport,Same
1854628487,1,public_transport,public_transport,Same
1855594743,1,bike,public_transport,Changed
1857515956,1,car,car,Same
1862551801,0,spostamento multimodale,spostamento multimodale,Same
1863600688,0,car,car,Same
1864965798,2,car,car,Same
1865047636,2,car,car,Same
1867273250,0,public_transport,public_transport,Same
1867807186,1,car,car,Same
1867867115,0,car,motorcycle,Changed
1867964006,0,public_transport,public_transport,Same
1868012977,0,car,car,Same
1868506391,0,car,car,Same
1870231782,1,public_transport,public_transport,Same
1872584689,1,car,car,Same
1875303245,0,car,car,Same
1875472437,0,car,car,Same
1876985120,0,motorcycle,motorcycle,Same
1877449359,1,public_transport,public_transport,Same
1882268288,0,car,car,Same
1882699416,0,motorcycle,motorcycle,Same
1884433811,1,car,car,Same
1885018000,1,car,car,Same
1885538718,2,public_transport,car,Changed
1887665863,1,car,car,Same
1888308509,0,motorcycle,motorcycle,Same
1890560973,0,car,car,Same
1893529799,0,car,car,Same
1893584687,0,car,car,Same
1894477471,0,car,car,Same
1894980781,2,car,car,Same
1895621409,0,car,car,Same
1896166745,0,car,car,Same
1896458530,0,public_transport,car,Changed
1896521786,0,car,car,Same
1896868591,0,car,car,Same
1898566064,1,carpooling_driver,car,Changed
1899096461,0,car,car,Same
1900408696,1,car,car,Same
1902146082,1,walking,public_transport,Changed
1903094679,1,walking,walking,Same
1903227074,1,public_transport,public_transport,Same
1905465095,1,car,car,Same
1905750146,1,motorcycle,motorcycle,Same
1906950335,0,car,car,Same
1907768042,1,public_transport,public_transport,Same
1908779538,0,car,car,Same
1914467134,1,car,car,Same
1914707658,1,car,car,Same
1919836115,0,public_transport,car,Changed
1920120081,1,car,car,Same
1920255574,0,car,car,Same
1920639733,0,car,car,Same
1923629617,2,public_transport,public_transport,Same
1924093340,0,public_transport,car,Changed
1930822756,1,public_transport,public_transport,Same
1933643967,1,public_transport,public_transport,Same
1936178669,0,motorcycle,motorcycle,Same
1944785315,2,car,car,Same
1947084961,1,car,car,Same
1947994987,0,public_transport,public_transport,Same
1955376555,2,car,car,Same
1955484929,0,car,car,Same
1956905064,1,motorcycle,motorcycle,Same
1959309293,2,public_transport,public_transport,Same
1959719903,0,motorcycle,motorcycle,Same
1961452720,1,public_transport,public_transport,Same
1963396884,0,spostamento multimodale,spostamento multimodale,Same
1964775354,0,car,spostamento multimodale,Changed
1964900881,1,motorcycle,car,Changed
1965317622,0,car,car,Same
1967157124,1,public_transport,public_transport,Same
1968066433,0,public_transport,public_transport,Same
1969542335,1,car,car,Same
1971405741,0,carpooling_driver,car,Changed
1971698077,2,car,car,Same
1976431031,0,motorcycle,motorcycle,Same
1980037834,0,car,car,Same
1982127567,1,spostamento multimodale,public_transport,Changed
1982464473,0,car,car,Same
1983438800,1,car,car,Same
1984524714,1,public_transport,public_transport,Same
1985649165,0,spostamento multimodale,spostamento multimodale,Same
1986894668,1,car,car,Same
1987232305,1,bike,bike,Same
1989266337,0,car,car,Same
1989548133,1,public_transport,public_transport,Same
1990050394,0,public_transport,public_transport,Same
1990811112,0,car,car,Same
1990954852,0,car,car,Same
1996158204,0,car,car,Same
1997118644,0,car,car,Same
1998370525,2,car,car,Same
1998888506,1,car,car,Same
2001374429,1,car,car,Same
2002590824,1,public_transport,public_transport,Same
2003680118,2,car,car,Same
2006316725,0,car,car,Same
2006761039,1,public_transport,public_transport,Same
2007914980,0,spostamento multimodale,spostamento multimodale,Same
2009837442,1,public_transport,public_transport,Same
2015077649,1,car,walking,Changed
2015148444,1,motorcycle,motorcycle,Same
2015385379,1,motorcycle,motorcycle,Same
2015756525,0,motorcycle,motorcycle,Same
2015777405,0,car,car,Same
2016071526,1,public_transport,public_transport,Same
2016313751,0,car,car,Same
2017366263,1,motorcycle,motorcycle,Same
2017509148,0,spostamento multimodale,car,Changed
2018374114,0,car,car,Same
2019046699,1,car,walking,Changed
2020437855,0,public_transport,public_transport,Same
2020592314,1,spostamento multimodale,spostamento multimodale,Same
2020666502,1,car,car,Same
2021773597,1,motorcycle,motorcycle,Same
2024289069,0,car,car,Same
2024545397,2,car,car,Same
2026740117,1,car,bike,Changed
2028083946,0,car,car,Same
2029044844,1,public_transport,public_transport,Same
2030467335,1,car,car,Same
2034143212,1,car,car,Same
2035225524,0,public_transport,public_transport,Same
2035576302,0,spostamento multimodale,public_transport,Changed
2037567297,2,car,car,Same
2038762990,1,car,car,Same
2038832291,0,spostamento multimodale,public_transport,Changed
2039722869,2,public_transport,public_transport,Same
2040899664,1,car,car,Same
2042597877,1,motorcycle,motorcycle,Same
2044776983,1,car,car,Same
2047866315,1,walking,public_transport,Changed
2049935492,0,car,car,Same
2052378134,2,spostamento multimodale,public_transport,Changed
2053264137,2,car,car,Same
2057032570,1,walking,walking,Same
2061456480,1,public_transport,public_transport,Same
2063222449,2,public_transport,public_transport,Same
2063643210,0,car,car,Same
2067107171,0,public_transport,public_transport,Same
2073753904,0,public_transport,public_transport,Same
2073973978,1,public_transport,public_transport,Same
2074657170,1,public_transport,car,Changed
2075114556,1,spostamento multimodale,public_transport,Changed
2077435072,0,car,car,Same
2078059468,1,car,car,Same
2078240387,1,public_transport,public_transport,Same
2081446279,0,public_transport,public_transport,Same
2081699561,0,public_transport,public_transport,Same
2082631700,0,car,car,Same
2083596258,0,car,car,Same
2083820367,0,car,car,Same
2084457970,1,public_transport,public_transport,Same
2085409190,0,car,car,Same
2088371185,0,car,car,Same
2090804891,1,motorcycle,motorcycle,Same
2091763987,1,public_transport,walking,Changed
2092165462,1,motorcycle,motorcycle,Same
2094036290,1,car,car,Same
2094404102,1,motorcycle,motorcycle,Same
2099291113,1,motorcycle,motorcycle,Same
2099656113,1,bike,public_transport,Changed
2101060393,0,car,car,Same
2101861070,0,car,car,Same
2104329086,0,car,car,Same
2105829087,1,car,car,Same
2105873344,0,car,car,Same
2108373688,1,car,car,Same
2108517917,0,car,car,Same
2108920911,0,spostamento multimodale,car,Changed
2109681972,1,car,car,Same
2109941403,1,public_transport,public_transport,Same
2110054874,0,public_transport,public_transport,Same
2113473647,1,car,car,Same
2113503633,0,spostamento multimodale,public_transport,Changed
2113941282,0,public_transport,public_transport,Same
2114746114,1,public_transport,public_transport,Same
2118745206,0,car,car,Same
2120486969,1,car,car,Same
2121019082,1,bike,car,Changed
2123314922,1,car,car,Same
2123316591,1,public_transport,public_transport,Same
2126600279,0,spostamento multimodale,public_transport,Changed
2126757694,1,car,car,Same
2127309092,0,public_transport,public_transport,Same
2127430179,1,walking,car,Changed
2127527578,1,car,car,Same
2129093085,2,car,spostamento multimodale,Changed
2131616885,1,car,car,Same
2132621900,0,car,car,Same
2133563313,0,car,car,Same
2134657671,1,car,car,Same
2134982969,0,car,car,Same
2135824163,0,public_transport,public_transport,Same
2136729770,2,walking,walking,Same
2137498249,1,motorcycle,car,Changed
2138826032,0,car,car,Same
2139411815,1,car,car,Same
2139692230,1,public_transport,public_transport,Same
2139694320,0,public_transport,public_transport,Same
2140955284,2,spostamento multimodale,public_transport,Changed
