employee,satisfaction_current_mode_2023,satisfaction_current_mode_2024,main_mode2023,main_mode2024,cluster
21948553,3,3,bike,bike,1
23811543,1,1,public_transport,public_transport,2
24472838,3,3,spostamento multimodale,public_transport,0
25478049,4,4,motorcycle,motorcycle,0
25644407,2,3,car,public_transport,1
26353682,3,3,public_transport,public_transport,1
26472120,2,1,public_transport,public_transport,1
27255638,2,3,car,car,0
27453517,4,4,bike,bike,1
27461446,4,3,car,car,0
29152854,1,2,public_transport,car,0
29392983,2,3,public_transport,public_transport,0
30161153,3,3,car,car,1
34351478,3,3,public_transport,spostamento multimodale,1
35605697,3,4,car,car,0
36297368,3,4,bike,bike,1
37087150,2,1,car,car,0
37539775,1,2,public_transport,car,1
38473690,2,3,spostamento multimodale,public_transport,0
40000600,3,3,car,car,1
40617652,4,4,car,car,0
41547176,4,4,motorcycle,car,0
43219332,2,2,public_transport,public_transport,1
43742074,4,4,motorcycle,motorcycle,1
44967113,3,2,car,car,2
46152693,3,4,car,car,0
46746807,2,3,car,car,0
48223826,4,4,car,car,1
50419972,3,2,public_transport,public_transport,0
51606187,4,4,car,car,2
51946450,3,3,public_transport,public_transport,0
52829041,3,2,car,car,0
54126450,2,3,public_transport,public_transport,2
54249998,4,4,car,car,0
56222831,3,4,car,car,0
58139072,2,3,car,car,1
60983651,4,4,car,car,1
62288042,1,3,car,car,2
62383717,4,4,car,car,2
62479698,4,4,car,car,1
63398107,4,3,motorcycle,car,0
63526462,2,4,car,walking,1
63725275,4,4,car,car,0
65241693,4,3,walking,walking,0
66913212,4,2,car,public_transport,2
66993544,2,2,car,car,0
72145411,4,4,car,car,1
72172061,4,4,car,car,1
73128948,3,2,public_transport,public_transport,1
73723860,2,4,car,car,0
74270356,4,3,motorcycle,car,1
74509769,1,1,car,car,0
75942379,3,3,car,car,2
77273162,2,2,car,car,0
77626161,4,4,car,car,0
78518464,4,4,car,car,0
80094484,3,4,car,car,1
82801647,2,1,public_transport,public_transport,2
84723335,3,3,car,car,0
85275771,4,4,car,car,1
85810338,1,1,spostamento multimodale,spostamento multimodale,0
86094029,4,4,car,car,1
90077285,3,4,car,car,0
90606849,4,4,car,car,0
90724331,4,3,bike,motorcycle,1
90984372,4,4,car,car,1
92512057,3,3,bike,bike,1
93402576,4,4,carpooling_passenger,car,1
97324760,4,4,car,car,0
98635338,4,3,car,car,0
98695783,4,4,car,car,0
100668308,2,2,car,car,1
102308725,4,4,car,car,1
104074838,4,3,public_transport,public_transport,0
104623081,4,4,car,car,0
105388489,3,1,car,car,1
106347114,4,3,car,car,1
106525375,4,4,car,car,1
107955390,3,2,car,car,2
108113400,2,3,car,car,0
108538394,4,4,walking,walking,1
110273877,2,3,public_transport,public_transport,1
111877704,3,4,car,car,1
112153362,1,2,public_transport,public_transport,1
112607109,3,3,public_transport,public_transport,0
113469894,1,1,car,car,0
113802680,2,1,spostamento multimodale,spostamento multimodale,0
118421812,1,1,spostamento multimodale,spostamento multimodale,0
118652540,3,3,car,car,1
119055346,4,4,car,car,1
120392797,2,3,car,car,2
121976878,1,2,car,car,0
122486154,4,1,car,car,0
124703067,2,2,public_transport,public_transport,0
127238374,3,3,car,car,1
127287880,2,3,public_transport,car,0
128342595,1,2,public_transport,public_transport,0
129304779,4,4,car,car,1
132731970,3,4,car,car,0
133744357,2,3,car,car,1
137599638,2,2,car,carpooling_passenger,0
138380070,3,3,car,car,0
139216370,4,4,car,car,1
143031265,4,4,car,car,0
149080344,4,4,motorcycle,motorcycle,0
150155683,3,2,car,car,0
152153456,3,3,public_transport,public_transport,1
152194535,2,2,car,car,0
152797216,4,3,motorcycle,motorcycle,1
153000508,3,3,motorcycle,motorcycle,0
153072006,3,3,car,public_transport,0
153980131,2,2,car,car,0
155561882,3,3,car,car,1
155999100,3,3,car,car,0
157010409,2,4,car,car,1
158830779,4,4,car,car,1
158904814,4,4,car,car,1
162458411,4,3,car,car,1
164750107,3,3,car,car,0
165087714,4,4,car,car,0
169759160,4,4,car,car,0
170551078,1,1,car,car,1
177624962,2,3,public_transport,public_transport,1
181011242,4,4,car,car,1
182122428,1,1,public_transport,public_transport,2
185399991,3,2,public_transport,car,1
187195121,4,4,car,car,0
187320349,4,3,public_transport,public_transport,2
188085781,1,1,public_transport,public_transport,1
189537734,4,3,car,car,0
191476407,1,3,car,car,0
192130673,1,3,spostamento multimodale,public_transport,0
193501753,1,2,spostamento multimodale,spostamento multimodale,0
193909642,3,3,car,car,2
194347020,3,4,car,car,1
198394226,4,4,car,car,1
200203186,4,4,car,car,0
201838613,4,4,car,car,2
203452935,4,4,car,car,1
203669491,4,4,car,car,0
204502728,4,4,car,car,1
204672607,3,4,car,car,0
206607776,2,1,car,car,0
207057299,4,4,car,car,0
207496503,3,4,car,car,1
209625958,3,3,public_transport,public_transport,0
210187539,3,3,public_transport,public_transport,1
211620368,4,1,car,car,2
216801802,4,4,motorcycle,motorcycle,2
217023828,3,3,car,car,2
224379641,4,4,car,car,0
225976210,1,1,car,car,1
228196865,4,4,car,car,1
230312432,3,3,car,public_transport,2
234577375,3,3,public_transport,public_transport,1
234672526,4,4,public_transport,motorcycle,2
234710725,2,2,car,car,2
235201988,3,3,car,car,1
235881722,3,4,walking,walking,1
239382613,3,4,car,car,1
239517604,2,2,public_transport,public_transport,1
239990107,4,4,car,car,0
240242064,3,3,car,car,1
244403950,3,3,car,car,0
246288358,4,4,car,car,1
247355717,3,3,car,car,0
247750576,4,4,car,car,0
248597017,2,4,car,car,0
253305904,3,1,public_transport,car,0
253427119,2,1,public_transport,public_transport,1
253594889,2,4,car,motorcycle,1
256600000,4,4,car,car,0
258410187,2,3,public_transport,public_transport,2
258448327,4,4,car,car,1
259823218,2,1,car,spostamento multimodale,1
260733416,3,3,car,car,1
261594551,2,3,car,car,0
264982285,4,3,car,walking,1
266271878,3,3,car,car,1
271008607,4,4,public_transport,motorcycle,1
271565997,4,4,motorcycle,car,0
273602920,4,3,car,car,1
273619628,1,4,spostamento multimodale,car,1
274811055,3,2,bike,bike,2
275053170,3,2,carpooling_driver,car,0
276675968,3,2,car,car,1
277495203,3,3,car,car,0
281291625,3,3,car,car,2
286451502,3,2,public_transport,public_transport,0
287181385,1,3,public_transport,public_transport,1
287324531,4,4,car,car,0
287567336,2,1,public_transport,public_transport,0
289492425,2,2,public_transport,public_transport,0
290679456,4,4,car,car,0
291438033,3,3,spostamento multimodale,public_transport,0
292092272,2,3,public_transport,public_transport,1
292699431,2,2,public_transport,public_transport,1
293237988,4,4,motorcycle,motorcycle,1
293485349,4,4,motorcycle,motorcycle,1
294255432,4,3,public_transport,public_transport,1
294372228,3,2,spostamento multimodale,car,0
295094619,4,4,car,car,1
297503310,3,4,car,car,0
301756420,4,4,motorcycle,motorcycle,0
303487710,3,3,car,car,0
305213569,3,4,car,car,2
305383108,4,3,bike,bike,1
306208823,3,3,car,car,1
313014654,3,2,public_transport,public_transport,0
313492935,3,3,public_transport,public_transport,1
316414359,2,3,car,carpooling_driver,0
317700404,4,4,car,car,0
317810632,4,4,car,car,1
318001980,4,1,carpooling_passenger,car,1
322673599,3,3,car,car,0
322973868,3,4,car,car,1
324160925,1,2,car,car,0
324261765,2,1,car,car,0
326222378,1,2,car,car,2
327632179,4,3,car,car,1
327956909,3,2,car,car,2
328266960,4,2,motorcycle,car,0
329590248,2,1,car,car,1
330378125,3,3,car,car,0
330932712,4,3,bike,car,1
331924527,4,4,motorcycle,motorcycle,1
333857026,4,4,car,car,2
334124671,4,4,car,car,0
334662147,4,4,bike,bike,1
337856182,4,4,car,car,0
341112204,3,3,car,car,1
342730276,3,4,walking,walking,1
343759708,2,1,car,public_transport,0
344828983,3,3,car,car,0
346932074,4,2,walking,car,1
350719219,2,2,car,car,1
351487949,4,4,car,car,0
352796868,4,4,motorcycle,motorcycle,2
352828569,3,4,motorcycle,motorcycle,1
356161781,4,3,car,car,0
363002117,3,4,public_transport,public_transport,0
369776328,4,4,car,car,1
371531829,2,3,public_transport,car,0
372135283,4,4,car,car,0
372172136,1,4,car,car,0
373606690,4,4,car,car,0
373642854,4,3,motorcycle,motorcycle,1
373670112,4,4,car,car,1
377016659,2,3,spostamento multimodale,public_transport,0
377087045,3,3,car,car,1
377959478,3,4,public_transport,car,0
379630690,2,2,spostamento multimodale,public_transport,0
379700960,2,1,car,car,1
379727117,3,3,public_transport,public_transport,1
380045901,4,4,motorcycle,car,2
382330052,3,2,spostamento multimodale,public_transport,0
385807841,4,4,bike,bike,1
385928242,3,3,public_transport,public_transport,0
387107577,2,3,public_transport,public_transport,0
390844414,1,1,public_transport,car,0
391280804,3,1,car,car,2
391937870,3,4,car,public_transport,2
393981944,2,2,public_transport,car,0
395509105,4,4,car,car,1
396373948,4,3,car,car,1
399898659,4,4,car,carpooling_driver,2
401873671,4,4,car,car,1
402641225,2,1,spostamento multimodale,spostamento multimodale,0
403923014,4,4,car,car,1
404726372,4,4,car,car,1
404998138,1,2,spostamento multimodale,spostamento multimodale,0
405219552,3,4,car,car,1
405232412,1,2,public_transport,public_transport,0
408018403,4,4,car,car,1
409000631,4,4,public_transport,public_transport,1
410216406,4,4,car,car,0
411448460,1,2,public_transport,car,0
412623600,3,3,spostamento multimodale,spostamento multimodale,1
413040540,3,3,car,car,0
414240734,4,4,walking,walking,1
415015684,3,3,car,car,0
416402517,4,4,car,carpooling_driver,0
416687202,2,3,public_transport,public_transport,0
418530774,3,3,car,car,1
420899953,3,4,motorcycle,motorcycle,0
427283136,2,3,car,carpooling_driver,0
427643716,4,4,car,car,0
429695630,4,4,car,car,1
430140909,3,2,bike,bike,1
430800961,4,4,car,car,0
432276121,4,4,car,car,1
432424552,4,3,public_transport,public_transport,1
434112993,2,1,spostamento multimodale,car,0
436516102,3,3,motorcycle,motorcycle,0
437527760,2,2,car,car,2
439025677,4,3,motorcycle,motorcycle,1
442998098,4,4,motorcycle,motorcycle,1
443404091,2,2,car,car,0
445244899,1,2,public_transport,public_transport,1
447069146,4,4,public_transport,public_transport,1
449386202,3,3,public_transport,public_transport,1
450382284,4,4,car,car,1
451785815,4,3,bike,bike,1
453099185,2,2,public_transport,public_transport,2
453228900,2,2,spostamento multimodale,public_transport,0
453881184,4,2,car,car,1
455459401,4,4,motorcycle,motorcycle,1
457313150,3,3,motorcycle,motorcycle,2
457590865,3,2,public_transport,public_transport,0
458104966,3,2,carpooling_passenger,car,1
458539963,2,2,spostamento multimodale,spostamento multimodale,0
460436084,4,4,car,car,1
461822822,1,3,car,car,0
463261936,2,3,spostamento multimodale,spostamento multimodale,2
463314815,4,4,bike,bike,1
465742895,1,1,public_transport,public_transport,2
467291523,1,3,car,car,0
467309215,3,3,car,car,0
469433455,4,4,car,car,0
470801869,4,4,car,car,1
472554544,2,3,car,car,0
473928750,4,4,car,car,1
474103089,4,4,carpooling_driver,carpooling_driver,0
481894530,3,3,car,car,1
484082000,3,2,public_transport,public_transport,2
485944084,2,3,car,car,2
486397334,4,4,car,car,1
487026795,3,3,public_transport,public_transport,1
487098311,2,2,public_transport,public_transport,0
487435696,3,2,car,car,1
487770778,4,4,car,car,1
489803724,4,4,car,car,1
489825815,2,3,public_transport,car,0
490274897,2,3,public_transport,public_transport,2
490648562,4,4,car,car,1
491483322,1,1,public_transport,spostamento multimodale,1
495196092,4,4,car,car,1
497261594,2,1,spostamento multimodale,spostamento multimodale,0
497943025,1,2,public_transport,public_transport,1
498584450,4,4,spostamento multimodale,public_transport,1
500754676,2,2,spostamento multimodale,spostamento multimodale,0
503497824,4,3,car,car,1
503780668,4,4,motorcycle,motorcycle,1
504758151,4,4,car,car,0
504937838,3,3,public_transport,public_transport,0
505458914,2,2,public_transport,public_transport,2
511765645,1,2,spostamento multimodale,spostamento multimodale,0
512010836,2,3,public_transport,public_transport,0
512531029,2,3,public_transport,public_transport,1
513964937,2,2,car,car,1
514754134,4,4,walking,walking,1
519446922,4,4,car,car,0
521951329,4,4,motorcycle,motorcycle,0
521983367,2,4,car,car,0
523620434,3,3,car,car,1
525310676,3,3,public_transport,public_transport,0
526406566,3,3,spostamento multimodale,bike,2
526573868,4,4,carpooling_driver,carpooling_driver,1
526602043,1,1,public_transport,public_transport,0
527396106,3,4,public_transport,public_transport,1
528143338,4,4,car,car,1
529003391,4,4,car,car,2
531177309,2,3,spostamento multimodale,spostamento multimodale,0
531929476,3,4,bike,car,1
533458124,2,2,car,car,1
535612394,1,3,car,car,1
535845040,3,4,car,car,0
536229919,3,3,public_transport,public_transport,0
537031579,3,4,public_transport,public_transport,0
537497062,3,2,car,car,0
540406490,3,3,car,car,1
541855618,2,3,public_transport,public_transport,1
541990150,4,4,public_transport,public_transport,1
542731611,3,4,carpooling_driver,car,0
543602419,1,1,public_transport,public_transport,0
544810960,4,4,bike,walking,1
546758209,3,3,public_transport,public_transport,1
547283257,3,3,motorcycle,motorcycle,0
550070225,4,4,car,car,0
550681080,3,3,bike,public_transport,1
551085087,3,3,public_transport,public_transport,1
551676270,3,4,bike,bike,1
555024781,4,4,car,car,1
557558542,2,2,spostamento multimodale,public_transport,1
557997730,2,3,spostamento multimodale,spostamento multimodale,0
558621100,4,4,motorcycle,motorcycle,0
560625202,3,3,public_transport,public_transport,1
560630106,4,4,bike,bike,1
565609899,2,2,car,motorcycle,1
566205371,3,3,car,car,1
566801637,3,3,car,car,1
567113447,3,2,walking,car,1
567199683,4,4,car,car,0
567824643,2,2,public_transport,public_transport,1
569347915,4,4,car,car,0
569856548,4,2,motorcycle,motorcycle,1
569955686,4,4,car,car,0
571333004,3,4,car,car,0
573200038,4,4,walking,walking,1
573410027,2,2,public_transport,public_transport,1
573967693,3,3,car,car,2
575812073,4,3,car,car,0
576608327,2,2,public_transport,spostamento multimodale,0
581652450,2,3,car,car,0
581859692,2,1,public_transport,public_transport,2
584984067,4,4,car,car,1
585647209,4,4,walking,bike,1
589442200,4,4,car,car,1
589513786,1,4,car,car,2
591500704,3,2,car,car,0
593753124,4,4,motorcycle,motorcycle,0
594293777,3,3,public_transport,car,0
594415443,2,3,public_transport,public_transport,1
596421813,3,3,car,car,0
597373221,4,4,car,car,0
602718788,1,1,car,car,1
602731758,3,4,car,car,2
602906898,4,4,car,car,0
605047428,4,3,motorcycle,motorcycle,1
605490423,2,2,public_transport,public_transport,1
608442565,4,4,bike,bike,0
609521477,2,2,public_transport,public_transport,1
610574201,4,2,car,car,2
611788880,4,4,walking,walking,1
612014075,3,3,public_transport,public_transport,2
612424366,4,4,walking,car,1
612756507,4,4,car,car,1
615496027,4,3,car,public_transport,0
615889367,2,1,public_transport,public_transport,1
616462553,3,3,car,car,1
616742013,3,3,public_transport,public_transport,1
616814449,1,2,public_transport,spostamento multimodale,1
618086151,2,3,car,car,0
620397509,2,2,car,car,0
621203443,1,1,car,public_transport,0
621402325,3,2,car,car,0
625753665,3,3,public_transport,public_transport,1
625803592,3,2,car,car,1
627733658,2,2,car,car,0
628637751,4,3,car,car,1
629501359,4,4,car,car,2
631084669,3,3,car,motorcycle,1
634076041,3,2,car,car,0
638058918,4,3,motorcycle,car,1
638090715,3,4,car,car,1
638470994,4,3,car,car,0
639706549,2,3,car,car,0
641335231,3,4,car,car,0
641675553,4,3,motorcycle,car,0
642942360,4,4,car,car,2
646034632,1,3,car,car,1
646412633,3,2,spostamento multimodale,spostamento multimodale,2
646661982,1,3,car,car,2
647927660,4,4,motorcycle,motorcycle,2
650676619,4,3,motorcycle,motorcycle,0
651532363,3,3,car,car,0
652489828,3,3,public_transport,public_transport,1
653690907,2,3,car,car,1
654832353,2,3,car,car,0
654996794,4,4,spostamento multimodale,spostamento multimodale,0
659089255,3,3,car,car,0
660454089,2,2,car,car,0
660694634,3,3,public_transport,public_transport,1
660823608,4,4,car,car,1
661401249,4,4,car,car,0
666225527,3,3,car,car,1
666269949,3,3,public_transport,public_transport,1
668240829,3,3,car,car,1
668495605,3,3,public_transport,public_transport,1
669001811,4,2,car,public_transport,0
671069574,2,1,spostamento multimodale,public_transport,0
671898354,2,4,public_transport,public_transport,1
673727025,2,3,car,car,1
674298662,4,4,motorcycle,motorcycle,0
675459746,4,3,public_transport,public_transport,0
677354307,4,4,car,car,1
678350788,4,4,car,motorcycle,0
680333475,4,4,car,car,2
682541591,2,3,public_transport,public_transport,0
683725413,4,4,motorcycle,motorcycle,1
685602838,1,4,car,car,0
689758445,2,2,car,car,1
690454204,4,4,car,car,0
692509067,4,4,car,car,2
693061569,3,4,car,car,1
693258347,4,4,car,car,0
693621575,4,3,car,car,1
694810309,3,4,car,car,0
694987094,3,3,car,car,0
696271596,4,4,car,car,0
696967970,4,4,car,car,2
700666458,3,2,car,car,0
705991551,4,2,car,spostamento multimodale,2
707276692,3,4,car,car,0
710382651,4,4,car,car,1
711059155,2,4,car,walking,1
711354342,2,2,car,motorcycle,0
711971429,4,4,car,car,2
713711626,3,3,car,car,0
714503803,4,3,carpooling_driver,car,2
715163985,4,4,motorcycle,motorcycle,1
715927176,2,2,car,car,1
718147378,3,3,public_transport,public_transport,1
718353143,3,3,car,car,1
718779068,4,4,car,car,2
718783998,4,4,car,car,0
721098215,2,2,public_transport,public_transport,1
723360171,1,1,car,car,0
723901274,4,4,motorcycle,motorcycle,1
726129047,3,4,car,car,1
729795996,4,4,car,car,1
730007441,4,2,car,public_transport,0
731833572,2,4,car,car,2
731900183,4,4,car,car,0
732249025,2,2,public_transport,public_transport,2
733689330,4,4,car,car,2
734392780,2,3,car,car,1
735851732,2,2,car,car,0
736721200,4,4,car,car,1
736817881,2,1,car,car,1
739169177,4,2,car,car,1
739469620,2,4,car,motorcycle,2
741603991,3,3,spostamento multimodale,spostamento multimodale,0
743950850,4,4,car,car,1
744918933,3,3,car,car,2
746082998,2,1,car,car,1
746099181,3,4,motorcycle,motorcycle,1
747096261,3,4,car,car,2
748642828,3,4,car,car,0
749251087,3,4,spostamento multimodale,public_transport,2
750199959,2,1,car,public_transport,0
753214194,3,3,car,car,1
753683520,1,2,public_transport,public_transport,1
756631943,4,3,public_transport,public_transport,1
758150964,3,2,car,car,1
759714273,2,2,public_transport,public_transport,1
759802994,1,1,spostamento multimodale,spostamento multimodale,0
760200222,3,3,car,car,0
760736512,3,4,car,car,0
762790208,4,4,bike,bike,1
763311291,4,4,car,car,0
769033829,3,3,car,car,0
769078405,3,3,car,car,0
769217033,3,1,car,spostamento multimodale,0
771314627,4,4,car,car,1
771441254,4,4,car,car,1
771876744,3,3,car,car,0
772410804,2,4,public_transport,carpooling_passenger,0
773494969,4,3,car,car,1
774685613,3,3,public_transport,public_transport,2
781839484,2,2,spostamento multimodale,public_transport,0
782965255,2,2,car,car,1
783000831,4,4,car,car,1
783259863,3,3,motorcycle,car,1
783940687,4,4,car,car,1
790805833,1,3,car,car,0
792572606,4,4,car,car,1
798794081,2,2,spostamento multimodale,motorcycle,0
800658530,4,3,car,car,1
800830880,4,1,car,car,1
802342957,2,3,spostamento multimodale,spostamento multimodale,0
803381234,3,3,car,car,0
806957287,1,4,car,car,2
807614750,4,4,car,car,0
807938083,4,3,car,car,1
808107723,3,3,car,car,1
808618298,4,4,car,car,1
809857111,4,4,car,car,1
809866859,3,3,public_transport,public_transport,0
810999891,3,1,motorcycle,public_transport,1
812817117,2,2,public_transport,public_transport,2
813138903,3,3,spostamento multimodale,public_transport,0
813798459,3,3,bike,bike,1
816966385,3,4,car,car,1
818274197,3,4,car,car,0
818731888,3,4,public_transport,carpooling_passenger,0
819053655,3,4,walking,walking,1
820797667,3,3,car,car,1
822535776,4,3,car,motorcycle,0
823989186,4,4,car,car,0
825769103,4,4,car,carpooling_driver,1
825833440,3,4,car,car,0
826835210,4,4,car,car,1
828294951,4,4,car,car,1
829442911,2,3,public_transport,public_transport,2
829871943,4,4,bike,bike,1
830959992,2,4,car,car,2
833793687,1,1,motorcycle,car,0
834611189,3,2,walking,walking,1
835345966,4,4,car,car,2
837246738,4,3,car,car,2
837796398,1,3,car,car,1
838198381,4,4,car,car,1
839548751,3,3,public_transport,public_transport,1
840966638,4,3,car,car,1
844232839,2,3,public_transport,public_transport,1
846908704,4,4,car,motorcycle,0
848618374,3,3,car,car,0
848712201,4,4,car,car,1
849668778,3,3,car,car,2
850069990,4,4,motorcycle,motorcycle,0
852026456,4,4,car,car,1
852203972,1,1,car,car,0
855289427,4,4,car,car,0
857431114,2,2,public_transport,public_transport,1
859649677,3,2,car,public_transport,2
862277041,4,4,bike,bike,1
862752388,3,4,public_transport,walking,1
866234162,2,2,car,car,0
867383264,4,4,car,car,0
873224502,2,2,public_transport,public_transport,1
873471587,3,3,public_transport,public_transport,1
873648090,3,3,car,car,0
875162176,2,3,bike,bike,1
876225005,2,2,public_transport,public_transport,0
877575386,3,4,car,car,1
878990856,2,1,car,car,1
879520964,4,4,car,car,2
880379934,1,1,spostamento multimodale,public_transport,2
881662605,3,3,spostamento multimodale,spostamento multimodale,0
882699999,3,3,spostamento multimodale,car,0
883553431,1,4,walking,walking,1
886382057,4,4,car,car,0
891987425,4,3,bike,walking,1
894172525,2,2,car,car,1
894236816,4,4,car,car,0
899626864,4,4,car,car,0
902118760,4,4,car,car,1
902720074,2,2,public_transport,public_transport,2
903386561,2,1,public_transport,public_transport,0
904286032,4,4,car,car,0
905639785,4,4,car,car,1
906398917,4,4,car,car,1
909202538,2,4,spostamento multimodale,spostamento multimodale,1
910331375,3,3,car,car,0
914805293,2,1,public_transport,spostamento multimodale,0
916235565,3,3,car,car,0
918319650,2,2,public_transport,public_transport,0
918962595,4,4,car,car,0
919538091,2,3,car,car,2
922250572,4,3,car,car,1
922407246,2,2,car,car,2
923257999,3,3,car,car,0
923613057,2,3,car,car,0
923614699,3,2,car,car,0
924720823,3,2,public_transport,public_transport,1
925536360,4,3,car,car,1
926300370,4,4,car,car,1
926650503,3,4,car,car,2
927385174,3,3,public_transport,public_transport,1
929244838,3,4,car,carpooling_driver,0
933185558,3,4,car,car,1
934196709,3,3,public_transport,public_transport,0
935661132,2,3,spostamento multimodale,spostamento multimodale,0
935719541,2,1,public_transport,public_transport,0
937633673,3,4,public_transport,public_transport,1
937952361,3,3,public_transport,public_transport,0
938920019,4,1,motorcycle,motorcycle,0
939596377,3,2,public_transport,public_transport,1
942052734,4,3,car,car,2
942925912,1,4,car,car,2
942987552,4,4,car,car,0
944126677,4,4,car,car,0
944682496,3,3,car,car,1
945173343,3,1,car,car,0
945881903,3,2,public_transport,public_transport,1
946131221,4,4,motorcycle,motorcycle,1
946458899,1,1,public_transport,public_transport,2
948731815,3,4,car,car,1
948838045,3,3,spostamento multimodale,spostamento multimodale,0
949626164,4,4,motorcycle,motorcycle,1
954419868,4,4,car,car,0
955343096,3,4,car,car,1
955656215,3,3,car,car,0
955833080,4,4,car,car,0
957356684,2,2,spostamento multimodale,spostamento multimodale,0
957929766,4,4,car,car,1
958295755,4,4,car,car,0
961225712,3,2,public_transport,public_transport,1
965912559,4,3,car,public_transport,1
968381227,2,2,public_transport,public_transport,0
968777604,4,4,car,car,0
969696534,3,4,motorcycle,motorcycle,1
971409712,3,4,car,car,0
971947228,4,4,car,car,1
973334216,3,4,car,car,1
981702765,2,2,public_transport,public_transport,1
982148679,3,2,public_transport,public_transport,1
986809192,3,4,car,car,0
990783915,4,4,car,car,0
991313388,3,3,car,car,1
993452302,3,4,car,car,1
993894313,3,3,car,car,2
994203531,4,1,car,car,1
994372744,3,4,public_transport,public_transport,1
998812275,4,4,car,car,1
999148604,3,3,car,car,0
1000050114,2,2,public_transport,public_transport,1
1000081182,1,2,car,car,1
1000677401,2,2,public_transport,public_transport,1
1001337286,2,3,public_transport,public_transport,2
1001553271,3,3,public_transport,public_transport,1
1002334386,4,4,car,car,1
1002415037,3,4,car,car,1
1002981252,2,2,public_transport,public_transport,0
1003217073,2,3,car,car,0
1007429245,2,2,spostamento multimodale,public_transport,0
1008953349,4,4,car,car,1
1010073813,2,1,public_transport,car,0
1013383707,3,3,motorcycle,motorcycle,0
1013412473,3,4,carpooling_passenger,carpooling_passenger,0
1013444799,4,4,car,car,1
1013506169,4,4,car,car,1
1014596029,4,4,car,car,0
1015274148,1,2,spostamento multimodale,spostamento multimodale,0
1015726503,3,4,public_transport,car,1
1017062294,4,4,car,car,1
1021550864,3,3,car,car,2
1022043139,3,3,car,car,1
1022299557,2,3,motorcycle,motorcycle,1
1022517088,3,3,car,car,1
1023481796,3,3,car,car,1
1025693381,4,4,car,car,1
1027698229,3,4,car,car,1
1028072006,2,2,car,car,1
1029076372,1,1,public_transport,public_transport,2
1030246357,2,4,car,walking,1
1038250886,3,3,public_transport,public_transport,1
1038409575,4,4,car,car,1
1040492425,4,4,car,car,1
1040773412,3,2,public_transport,public_transport,0
1043403601,2,2,car,car,0
1044080545,4,3,motorcycle,motorcycle,1
1044763461,2,2,car,car,2
1045109662,2,1,public_transport,car,1
1048431544,4,4,car,car,1
1048603900,4,4,car,car,0
1051022104,3,4,car,car,2
1051079826,4,4,car,car,1
1054343216,1,1,car,car,1
1055034961,3,3,car,car,2
1055132919,1,1,public_transport,public_transport,2
1057779041,4,4,walking,walking,1
1059473857,4,4,car,car,1
1059968968,4,4,walking,walking,1
1061287717,2,4,car,car,1
1063863710,4,4,carpooling_driver,car,0
1066478317,3,3,public_transport,public_transport,1
1069958038,3,3,car,car,0
1070348109,4,4,car,car,1
1070447281,4,4,motorcycle,motorcycle,0
1073554909,3,3,walking,car,1
1073575739,3,4,motorcycle,motorcycle,0
1074033946,2,3,public_transport,public_transport,0
1074138863,4,4,car,car,1
1074585448,4,4,car,car,0
1078208941,4,4,car,car,0
1080725409,3,4,public_transport,car,1
1085673135,2,4,public_transport,car,1
1087797882,4,4,car,car,0
1089259932,2,2,public_transport,public_transport,1
1090023582,2,3,car,car,2
1090808731,4,3,car,car,1
1093034771,4,3,motorcycle,motorcycle,0
1093367993,4,3,spostamento multimodale,spostamento multimodale,2
1098846446,3,3,bike,bike,1
1099216680,2,4,car,car,0
1102906961,3,3,car,car,0
1103705756,2,2,public_transport,public_transport,1
1104559928,2,3,motorcycle,motorcycle,0
1107046152,3,3,car,car,1
1108492538,4,3,bike,walking,1
1109655450,3,3,car,public_transport,1
1120985196,4,3,car,car,1
1122177463,3,3,car,car,0
1122559368,3,2,public_transport,walking,2
1123804600,3,4,bike,bike,1
1124425403,4,3,car,car,0
1124872236,4,4,car,car,1
1126036078,4,4,car,carpooling_passenger,0
1126981250,2,4,car,car,1
1127838663,4,4,public_transport,public_transport,1
1128422476,3,3,car,car,2
1128855551,4,4,bike,bike,1
1130991689,4,3,car,car,1
1133943662,2,2,car,car,1
1134397703,3,3,motorcycle,motorcycle,1
1135579664,2,4,public_transport,public_transport,1
1135763674,2,2,public_transport,public_transport,1
1138377919,2,3,car,car,0
1140364370,4,4,motorcycle,motorcycle,0
1141203534,3,3,car,car,1
1141568321,4,2,car,public_transport,1
1142316220,3,3,public_transport,public_transport,0
1142517991,4,3,car,car,0
1144935922,4,4,car,car,1
1145008691,2,2,public_transport,public_transport,1
1146621990,4,4,car,car,1
1147381576,2,2,public_transport,public_transport,0
1147638287,4,3,car,car,0
1149473187,2,2,public_transport,public_transport,1
1149735153,2,3,public_transport,public_transport,0
1149999671,4,4,car,car,0
1151262352,2,2,spostamento multimodale,public_transport,0
1158047895,4,4,car,car,1
1158075283,4,4,car,car,1
1158914085,4,4,motorcycle,motorcycle,1
1159619391,4,4,car,car,0
1160010620,4,4,car,car,1
1160038010,4,2,motorcycle,motorcycle,1
1161019188,2,3,car,bike,1
1162096395,3,3,public_transport,public_transport,1
1162737532,3,4,motorcycle,motorcycle,1
1163426533,4,4,car,car,1
1164428974,4,4,car,car,1
1166119499,4,4,car,car,0
1173581017,1,1,car,car,0
1173791782,3,2,car,public_transport,1
1174202749,4,4,walking,car,1
1174529364,2,2,car,car,0
1175027200,4,3,public_transport,public_transport,1
1176406633,3,4,car,car,0
1177841397,2,3,public_transport,public_transport,1
1179327996,2,1,car,car,1
1179898855,2,3,public_transport,public_transport,0
1180266545,4,3,carpooling_driver,car,0
1181000272,2,2,public_transport,public_transport,1
1181342552,4,1,motorcycle,car,0
1181492559,1,2,car,motorcycle,1
1184293036,1,4,car,car,2
1184723765,2,3,public_transport,public_transport,0
1185234596,2,2,car,car,1
1187017631,4,4,bike,bike,1
1187653998,2,3,car,car,1
1188715589,4,4,car,car,0
1190458119,3,3,public_transport,public_transport,0
1196329104,1,2,public_transport,spostamento multimodale,0
1197388961,3,2,public_transport,public_transport,1
1198689281,4,4,motorcycle,motorcycle,1
1198701053,4,4,car,car,0
1200801609,4,3,car,car,1
1201666820,4,4,car,car,0
1202266387,3,2,car,car,1
1203124797,3,2,car,car,0
1205101767,3,4,car,car,0
1206025205,1,2,car,public_transport,1
1206269989,2,2,public_transport,public_transport,1
1208633799,4,3,car,car,0
1209051326,3,4,car,car,1
1210655960,4,4,bike,bike,1
1212138987,1,1,public_transport,motorcycle,1
1216788665,2,3,carpooling_driver,car,0
1217283956,2,2,public_transport,public_transport,1
1219156612,3,3,car,car,0
1222284036,3,2,carpooling_driver,car,1
1222331809,4,4,car,car,0
1223846999,2,2,car,car,0
1224754414,3,3,car,car,1
1225390942,4,4,car,car,1
1228748079,4,4,car,car,2
1228964336,3,3,public_transport,public_transport,1
1229533582,3,3,public_transport,public_transport,1
1229912609,4,4,car,car,0
1230800615,2,1,car,car,0
1231925547,4,4,motorcycle,motorcycle,2
1233081069,3,3,public_transport,public_transport,2
1233447769,2,1,public_transport,public_transport,2
1233813305,3,1,car,car,1
1238054873,1,4,car,car,2
1245371966,1,4,car,car,1
1247099951,4,4,public_transport,public_transport,1
1247282557,2,3,car,car,0
1248382011,3,2,public_transport,car,1
1250829295,3,3,car,car,1
1250864665,2,3,spostamento multimodale,spostamento multimodale,0
1252362929,4,3,car,car,1
1252709817,3,2,motorcycle,car,0
1252820425,4,4,car,car,2
1252965095,3,3,car,car,1
1253615498,1,3,public_transport,public_transport,2
1253662904,2,2,car,car,2
1254015771,4,4,car,car,1
1256590632,3,2,bike,bike,1
1258972046,2,1,spostamento multimodale,public_transport,0
1259823919,3,3,car,car,1
1260896991,4,4,car,car,0
1261268981,4,4,car,car,1
1262458202,4,4,motorcycle,motorcycle,1
1270309224,3,4,car,car,0
1271625859,4,4,car,car,1
1274318350,2,2,public_transport,public_transport,1
1275990404,2,3,car,car,0
1276661460,4,4,motorcycle,motorcycle,1
1276850744,4,3,car,car,0
1277537662,3,4,car,car,1
1277685349,4,4,car,car,0
1281632017,4,4,car,car,1
1283552193,1,1,public_transport,public_transport,0
1284387411,4,4,motorcycle,motorcycle,1
1286033445,4,4,car,car,2
1286565808,3,3,car,car,0
1286829778,3,4,car,car,1
1288926840,4,4,car,car,1
1289994371,3,4,car,car,1
1293448271,2,2,public_transport,public_transport,0
1296371804,4,4,car,car,0
1297526071,4,4,public_transport,car,1
1298358740,4,4,bike,walking,1
1300351111,1,2,car,car,1
1301662526,3,2,public_transport,public_transport,1
1303334630,3,3,car,car,0
1304593244,4,4,car,car,0
1305962842,3,2,car,car,1
1306327628,2,2,public_transport,public_transport,0
1309373308,3,3,public_transport,public_transport,1
1310952180,2,1,public_transport,public_transport,0
1311416764,4,2,car,spostamento multimodale,2
1312465436,3,3,car,bike,1
1314573407,2,2,spostamento multimodale,spostamento multimodale,0
1316732711,2,2,public_transport,public_transport,0
1322018044,3,4,walking,walking,1
1323780794,2,2,spostamento multimodale,public_transport,0
1325124705,4,4,car,car,1
1326094623,3,2,car,car,0
1326628809,4,3,motorcycle,motorcycle,1
1326916937,4,4,motorcycle,motorcycle,2
1332938493,4,4,car,car,1
1333280454,4,4,car,car,1
1333567651,2,3,motorcycle,motorcycle,2
1334320385,3,4,walking,walking,1
1337780076,3,3,car,car,0
1339247886,3,3,car,car,0
1339493779,3,4,car,car,1
1339654838,1,1,spostamento multimodale,spostamento multimodale,0
1340271714,1,2,car,car,0
1340670984,3,3,spostamento multimodale,public_transport,0
1341113221,4,4,car,car,1
1341639890,1,2,spostamento multimodale,spostamento multimodale,0
1342776256,1,1,car,car,0
1343736681,4,4,car,car,1
1344498537,4,4,car,car,2
1344560360,3,2,car,walking,0
1346520043,1,4,car,car,1
1346766592,4,3,car,car,1
1347350319,1,1,car,spostamento multimodale,0
1349052062,2,4,car,car,0
1349302478,2,2,car,public_transport,0
1349468987,1,1,car,car,1
1350591756,1,3,public_transport,public_transport,2
1351389885,4,4,car,car,0
1351463948,2,2,car,car,2
1351837929,4,4,car,car,0
1353142347,4,4,car,car,1
1353858986,4,4,car,car,2
1353958285,3,3,car,car,1
1354444956,4,2,car,car,0
1356168505,4,4,car,car,2
1357537833,3,3,public_transport,spostamento multimodale,2
1357951678,2,3,car,car,0
1358879103,3,3,car,car,1
1358996532,3,4,car,car,0
1359001119,2,2,car,car,0
1359541709,2,3,public_transport,public_transport,0
1362421431,4,4,car,car,0
1362678086,4,4,car,car,1
1365574703,3,3,motorcycle,motorcycle,1
1365586500,4,4,motorcycle,motorcycle,1
1365790858,3,3,car,car,0
1367964204,3,2,car,car,0
1369776675,2,4,car,car,0
1372351531,4,4,car,car,0
1372843602,1,1,carpooling_driver,car,0
1376263014,2,2,public_transport,public_transport,0
1380540849,3,4,public_transport,public_transport,1
1380739732,2,1,spostamento multimodale,spostamento multimodale,0
1380984740,4,4,public_transport,public_transport,1
1381506835,4,4,car,car,1
1385605929,2,3,car,car,0
1385632038,4,4,car,car,0
1386299769,4,4,car,car,1
1386960883,3,3,public_transport,public_transport,0
1387687559,3,3,public_transport,public_transport,1
1389573293,2,2,car,car,0
1391137319,4,1,car,car,1
1391659289,3,3,public_transport,public_transport,1
1392651583,4,4,car,car,1
1393167678,4,2,public_transport,public_transport,1
1396277247,3,2,car,car,0
1396980932,4,4,car,car,0
1399665388,3,3,car,car,1
1401151449,1,1,public_transport,public_transport,1
1405970567,3,3,car,car,1
1406994954,4,4,car,car,2
1407542528,4,4,car,walking,1
1408107909,2,2,car,car,1
1412387361,3,4,car,car,1
1412975704,1,1,public_transport,car,0
1413908272,3,3,car,car,2
1414712888,4,4,car,car,0
1414890455,3,4,car,car,1
1415552338,2,3,car,car,1
1415864177,4,4,car,car,0
1418584149,4,4,car,car,2
1420333025,2,2,public_transport,public_transport,0
1421322694,3,3,car,car,0
1422906155,4,4,car,car,0
1425744822,4,4,motorcycle,motorcycle,1
1426235166,2,3,spostamento multimodale,car,0
1428952352,3,4,car,car,1
1431590174,4,4,car,car,1
1431653826,4,4,car,car,1
1431698386,2,4,public_transport,public_transport,1
1434390451,4,4,car,car,0
1435638521,4,4,bike,motorcycle,1
1435664697,3,4,walking,bike,1
1436559251,4,4,walking,walking,1
1436930986,1,2,carpooling_driver,carpooling_driver,0
1437038472,2,1,spostamento multimodale,spostamento multimodale,0
1437250147,3,3,bike,car,1
1438755199,3,3,car,carpooling_passenger,1
1438845012,1,1,spostamento multimodale,public_transport,0
1439304063,3,3,car,car,1
1439612743,2,2,public_transport,public_transport,1
1441326567,4,4,motorcycle,motorcycle,1
1446549603,3,1,public_transport,public_transport,1
1448526217,3,2,public_transport,public_transport,1
1449345953,2,1,spostamento multimodale,spostamento multimodale,2
1450247800,4,4,car,car,1
1451118059,2,1,car,car,1
1452949344,3,3,car,car,0
1453018061,3,3,car,car,0
1453683207,2,4,public_transport,public_transport,0
1455233580,2,4,walking,walking,1
1456102990,4,4,car,car,1
1457361688,3,2,public_transport,public_transport,1
1459597726,4,4,car,car,1
1459681944,1,1,public_transport,public_transport,1
1460095498,1,2,public_transport,public_transport,1
1460683736,4,4,car,car,1
1461288149,4,4,car,car,1
1470427092,2,2,public_transport,public_transport,1
1473075543,4,4,motorcycle,motorcycle,1
1476946236,4,4,walking,walking,1
1477802045,4,4,car,car,0
1478106515,2,2,public_transport,public_transport,2
1479680978,4,3,car,car,1
1480105674,4,4,car,car,0
1482253585,4,4,car,car,2
1483898068,4,4,car,car,0
1483966515,4,3,car,car,0
1486624933,4,1,public_transport,car,1
1488651903,3,3,car,car,1
1490219925,1,1,public_transport,walking,2
1490303288,3,3,car,car,1
1493100895,4,4,car,car,0
1493630326,3,2,public_transport,public_transport,0
1495737879,2,2,spostamento multimodale,public_transport,0
1496168508,3,3,car,car,0
1496579521,2,2,public_transport,spostamento multimodale,0
1496999962,4,4,car,car,0
1497298105,4,4,car,car,0
1500355501,2,2,public_transport,public_transport,0
1502168226,3,1,car,car,1
1502338893,3,4,car,car,1
1502385251,4,4,car,car,1
1504560512,4,4,car,car,0
1507594392,4,4,car,car,0
1510959668,3,3,car,car,0
1511406772,2,4,spostamento multimodale,motorcycle,0
1512008310,4,4,car,car,0
1512994957,2,2,public_transport,public_transport,1
1513227879,3,4,car,car,2
1514134254,4,4,car,car,0
1514526810,4,3,motorcycle,motorcycle,2
1516086036,3,2,car,car,2
1517097547,3,3,public_transport,public_transport,1
1517650682,2,1,spostamento multimodale,spostamento multimodale,0
1520022448,4,4,car,car,1
1520980431,3,4,car,car,1
1521263436,2,3,motorcycle,motorcycle,0
1522588349,2,2,public_transport,public_transport,1
1522852948,4,4,car,car,1
1523195758,2,2,public_transport,car,0
1526034253,2,1,public_transport,public_transport,1
1528321380,4,3,car,car,2
1528357612,1,4,public_transport,car,1
1528994297,3,3,public_transport,public_transport,0
1529147279,4,4,car,car,1
1529646791,2,2,spostamento multimodale,public_transport,0
1531814881,4,3,car,car,1
1532553106,3,3,car,car,2
1533635561,2,2,public_transport,public_transport,1
1536817382,3,2,car,car,1
1537249580,4,4,car,car,1
1537428819,1,2,car,car,1
1538118812,3,4,public_transport,car,1
1539614267,4,4,bike,bike,1
1539635185,3,4,car,car,1
1544814541,3,4,car,car,1
1545003925,3,4,car,car,1
1548359466,2,2,car,car,0
1549434239,4,4,car,car,0
1550110781,3,3,car,car,0
1550722711,4,4,motorcycle,motorcycle,1
1552292133,1,1,car,car,1
1553528413,4,4,motorcycle,motorcycle,1
1554325552,4,3,public_transport,public_transport,1
1557512208,4,3,car,car,1
1558978607,3,3,public_transport,spostamento multimodale,0
1560876560,2,4,carpooling_driver,car,1
1561844862,3,3,public_transport,public_transport,1
1563135375,3,4,public_transport,car,1
1564040357,1,2,public_transport,public_transport,1
1564307717,4,4,motorcycle,motorcycle,1
1565229450,3,2,public_transport,public_transport,1
1566525121,2,2,bike,car,1
1567750464,2,2,public_transport,public_transport,1
1570407831,3,3,car,car,1
1570420221,3,3,car,car,0
1570462566,4,4,car,car,1
1571926618,2,1,motorcycle,car,0
1572056986,2,2,car,car,2
1572105091,1,1,car,car,0
1573879090,3,2,car,car,0
1575188588,4,4,car,car,0
1579023703,4,4,car,car,0
1580433199,4,3,spostamento multimodale,spostamento multimodale,0
1585358366,3,2,motorcycle,bike,1
1587202783,4,4,car,car,0
1587351458,4,3,motorcycle,motorcycle,0
1588000784,4,4,car,car,2
1588193837,1,2,public_transport,public_transport,1
1589571351,4,3,motorcycle,motorcycle,2
1590490591,4,4,car,car,1
1591495607,2,2,car,car,0
1592065400,4,4,car,car,0
1593218324,2,2,car,car,0
1597864724,3,3,car,car,1
1599132073,1,1,public_transport,public_transport,1
1603374118,3,3,car,car,2
1605022264,3,4,bike,bike,0
1607210857,4,2,walking,public_transport,2
1608421663,2,3,public_transport,public_transport,1
1608579067,4,3,motorcycle,motorcycle,1
1608598711,3,2,public_transport,public_transport,0
1609088153,3,3,spostamento multimodale,spostamento multimodale,0
1610192434,4,4,car,car,2
1610381572,3,3,car,car,0
1610752244,2,4,car,car,1
1610819582,4,4,public_transport,public_transport,2
1613969976,3,3,car,car,0
1615109753,4,4,car,car,1
1617932093,2,2,car,car,1
1618934799,4,4,public_transport,public_transport,1
1619537259,4,4,car,car,1
1619782461,2,2,car,car,2
1619844724,4,4,motorcycle,motorcycle,1
1621245169,1,2,public_transport,public_transport,1
1625389928,1,2,public_transport,walking,2
1625592897,4,4,car,car,1
1627176712,2,2,spostamento multimodale,public_transport,0
1629055011,4,4,walking,bike,1
1629266868,2,1,spostamento multimodale,car,0
1629819346,4,4,motorcycle,motorcycle,1
1631095734,3,3,public_transport,public_transport,1
1631125071,3,4,car,car,2
1631187053,4,4,public_transport,public_transport,1
1631304871,4,4,car,car,2
1631696688,4,4,car,car,1
1632190377,2,4,car,car,1
1634338591,3,3,public_transport,public_transport,0
1634374727,3,3,spostamento multimodale,public_transport,0
1634490967,4,4,car,car,0
1635564892,2,2,public_transport,public_transport,1
1636096782,3,3,car,car,2
1637246717,3,4,car,car,1
1642655118,1,1,public_transport,public_transport,0
1645406793,3,3,walking,public_transport,1
1650013763,3,4,car,car,0
1650510276,3,3,spostamento multimodale,spostamento multimodale,0
1650845838,1,1,public_transport,public_transport,0
1653867121,2,4,public_transport,car,2
1654357524,3,3,car,car,0
1657133902,2,2,car,car,0
1658928071,4,4,car,car,1
1661549754,4,4,motorcycle,motorcycle,1
1662761964,2,2,public_transport,public_transport,1
1667613757,3,4,car,car,0
1670028640,4,4,car,car,0
1670885109,2,2,car,car,0
1671076544,4,4,car,car,2
1672097169,2,2,public_transport,car,1
1672742632,4,4,bike,bike,0
1674896931,1,1,car,spostamento multimodale,0
1675920473,4,3,car,public_transport,0
1679519011,3,3,car,car,1
1681028991,2,3,car,car,0
1681089422,3,3,car,car,0
1681378989,2,2,spostamento multimodale,spostamento multimodale,0
1681388900,4,4,car,car,2
1683281880,2,1,public_transport,car,1
1685933154,4,4,car,car,0
1686560683,3,3,car,car,1
1688444271,4,4,car,car,0
1688928691,3,4,spostamento multimodale,motorcycle,0
1689716007,4,4,car,car,0
1690606133,2,2,car,car,1
1691912891,3,4,public_transport,public_transport,1
1696197801,4,4,motorcycle,motorcycle,1
1697389877,3,3,motorcycle,motorcycle,1
1698330188,4,4,car,car,2
1698341776,3,3,car,car,0
1698546227,4,4,car,car,1
1698914560,4,3,car,car,0
1699454783,1,2,car,car,0
1700664163,4,4,car,car,0
1701065441,4,4,bike,bike,1
1701582242,2,1,motorcycle,motorcycle,1
1702115633,3,4,bike,bike,0
1706070500,2,1,spostamento multimodale,spostamento multimodale,0
1708117672,4,3,car,car,1
1712165415,2,1,car,spostamento multimodale,0
1713298808,1,1,public_transport,public_transport,2
1714411874,4,4,car,car,0
1715365761,4,4,car,car,1
1717755852,2,3,car,car,0
1717979651,4,1,car,car,0
1720299254,2,2,spostamento multimodale,carpooling_driver,0
1720417584,3,3,public_transport,public_transport,1
1720515491,4,4,motorcycle,motorcycle,0
1720803851,3,3,spostamento multimodale,public_transport,0
1721244682,2,4,car,car,1
1721572267,3,3,public_transport,public_transport,1
1724612076,4,4,car,car,1
1726731886,4,4,car,car,0
1730532739,4,4,motorcycle,motorcycle,0
1732126314,1,2,public_transport,public_transport,0
1735290199,3,3,car,car,0
1737536270,2,4,car,car,1
1738801824,4,4,walking,walking,1
1740311595,4,3,car,car,0
1740598150,2,4,public_transport,public_transport,0
1741152047,4,4,car,car,0
1741380544,2,4,bike,car,1
1744524199,4,4,car,car,1
1745181567,3,2,car,car,0
1747988362,3,3,spostamento multimodale,spostamento multimodale,0
1748706299,1,2,public_transport,public_transport,2
1751528260,4,4,car,car,0
1751939563,4,4,carpooling_passenger,carpooling_passenger,0
1755361429,1,1,car,car,1
1755922204,1,2,public_transport,public_transport,0
1756577215,4,4,walking,walking,1
1757021486,4,3,car,car,0
1759161161,4,4,car,car,1
1759501784,3,3,public_transport,public_transport,1
1767356437,3,2,motorcycle,spostamento multimodale,0
1767647964,2,2,public_transport,public_transport,1
1768297409,3,2,car,car,1
1771712121,1,3,car,spostamento multimodale,0
1775932419,3,3,public_transport,public_transport,1
1779469766,4,4,car,car,1
1782456324,4,4,motorcycle,motorcycle,1
1782522422,3,3,car,bike,1
1783275338,2,3,car,car,0
1783839547,3,3,car,car,0
1784261093,2,1,car,car,0
1785122787,2,1,car,car,1
1785445327,2,3,car,car,0
1786556292,2,3,spostamento multimodale,public_transport,0
1786928062,4,2,motorcycle,motorcycle,0
1786996997,4,3,car,car,2
1790478238,3,2,car,car,0
1791571157,3,3,car,car,1
1792403190,4,4,car,car,0
1792986262,4,4,car,car,2
1795243388,1,1,public_transport,public_transport,1
1795752512,3,2,car,car,1
1796902759,4,4,car,car,1
1800611655,3,3,public_transport,public_transport,1
1801999228,1,1,public_transport,public_transport,1
1802401885,3,3,public_transport,public_transport,1
1802736474,2,4,motorcycle,motorcycle,1
1805894795,3,3,carpooling_driver,car,0
1810062598,1,1,spostamento multimodale,car,2
1812254237,4,4,car,car,2
1812813851,4,4,motorcycle,motorcycle,1
1812942300,4,2,car,public_transport,0
1813202208,1,1,car,carpooling_driver,0
1814679826,4,3,walking,walking,1
1815400754,3,4,car,car,2
1815542434,3,3,public_transport,car,1
1815624831,4,4,bike,bike,1
1818213844,2,3,spostamento multimodale,public_transport,1
1818821769,4,4,car,car,1
1819093102,4,4,car,car,0
1819217361,4,1,car,car,1
1820279541,4,3,public_transport,public_transport,1
1820318958,4,4,car,car,0
1820888747,4,4,spostamento multimodale,spostamento multimodale,0
1821345062,4,4,car,car,0
1823810533,4,4,car,car,1
1825187335,4,3,public_transport,public_transport,1
1825544826,1,2,public_transport,public_transport,0
1825962801,3,4,car,car,0
1826377260,4,4,car,car,1
1826473187,4,4,car,car,0
1827920658,3,3,car,car,1
1828599596,3,3,public_transport,public_transport,0
1831680122,4,3,car,car,0
1832788303,4,4,motorcycle,motorcycle,0
1832871613,4,3,motorcycle,car,1
1833644334,3,3,car,car,1
1833852870,2,4,car,public_transport,1
1836887555,2,3,car,car,0
1838517802,4,4,car,car,1
1839566898,2,1,spostamento multimodale,public_transport,0
1840286463,4,4,car,car,0
1840756113,2,1,spostamento multimodale,spostamento multimodale,0
1841066585,2,2,public_transport,public_transport,1
1841453427,4,4,motorcycle,motorcycle,0
1846326344,3,3,car,public_transport,1
1851721547,3,4,car,car,1
1854312702,3,3,public_transport,public_transport,0
1854628487,4,3,public_transport,public_transport,1
1855594743,4,2,bike,public_transport,1
1857515956,4,3,car,car,1
1862551801,1,1,spostamento multimodale,spostamento multimodale,0
1863600688,4,4,car,car,0
1864965798,4,4,car,car,2
1865047636,4,4,car,car,2
1867273250,1,1,public_transport,public_transport,0
1867807186,4,4,car,car,1
1867867115,1,2,car,motorcycle,0
1867964006,2,3,public_transport,public_transport,0
1868012977,4,4,car,car,0
1868506391,4,4,car,car,0
1870231782,3,2,public_transport,public_transport,1
1872584689,4,3,car,car,1
1875303245,4,4,car,car,0
1875472437,3,4,car,car,0
1876985120,3,4,motorcycle,motorcycle,0
1877449359,3,3,public_transport,public_transport,1
1882268288,1,1,car,car,0
1882699416,3,2,motorcycle,motorcycle,0
1884433811,3,4,car,car,1
1885018000,4,3,car,car,1
1885538718,3,4,public_transport,car,2
1887665863,3,4,car,car,1
1888308509,3,4,motorcycle,motorcycle,0
1890560973,3,3,car,car,0
1893529799,4,4,car,car,0
1893584687,4,4,car,car,0
1894477471,4,4,car,car,0
1894980781,1,2,car,car,2
1895621409,4,3,car,car,0
1896166745,2,2,car,car,0
1896458530,3,4,public_transport,car,0
1896521786,1,2,car,car,0
1896868591,3,3,car,car,0
1898566064,3,3,carpooling_driver,car,1
1899096461,4,4,car,car,0
1900408696,3,4,car,car,1
1902146082,4,1,walking,public_transport,1
1903094679,2,2,walking,walking,1
1903227074,1,2,public_transport,public_transport,1
1905465095,4,4,car,car,1
1905750146,4,4,motorcycle,motorcycle,1
1906950335,3,4,car,car,0
1907768042,3,3,public_transport,public_transport,1
1908779538,3,2,car,car,0
1914467134,4,4,car,car,1
1914707658,4,4,car,car,1
1919836115,2,4,public_transport,car,0
1920120081,4,4,car,car,1
1920255574,2,3,car,car,0
1920639733,4,4,car,car,0
1923629617,2,2,public_transport,public_transport,2
1924093340,2,1,public_transport,car,0
1930822756,4,2,public_transport,public_transport,1
1933643967,3,3,public_transport,public_transport,1
1936178669,3,3,motorcycle,motorcycle,0
1944785315,4,2,car,car,2
1947084961,4,4,car,car,1
1947994987,2,2,public_transport,public_transport,0
1955376555,3,4,car,car,2
1955484929,2,4,car,car,0
1956905064,1,2,motorcycle,motorcycle,1
1959309293,4,3,public_transport,public_transport,2
1959719903,1,4,motorcycle,motorcycle,0
1961452720,2,2,public_transport,public_transport,1
1963396884,2,2,spostamento multimodale,spostamento multimodale,0
1964775354,4,2,car,spostamento multimodale,0
1964900881,1,1,motorcycle,car,1
1965317622,2,2,car,car,0
1967157124,1,1,public_transport,public_transport,1
1968066433,1,1,public_transport,public_transport,0
1969542335,3,2,car,car,1
1971405741,2,4,carpooling_driver,car,0
1971698077,4,4,car,car,2
1976431031,4,4,motorcycle,motorcycle,0
1980037834,1,2,car,car,0
1982127567,3,3,spostamento multimodale,public_transport,1
1982464473,4,3,car,car,0
1983438800,4,4,car,car,1
1984524714,2,3,public_transport,public_transport,1
1985649165,3,3,spostamento multimodale,spostamento multimodale,0
1986894668,3,4,car,car,1
1987232305,3,4,bike,bike,1
1989266337,4,4,car,car,0
1989548133,2,2,public_transport,public_transport,1
1990050394,2,1,public_transport,public_transport,0
1990811112,1,4,car,car,0
1990954852,4,4,car,car,0
1996158204,2,3,car,car,0
1997118644,3,3,car,car,0
1998370525,3,3,car,car,2
1998888506,4,4,car,car,1
2001374429,3,3,car,car,1
2002590824,3,3,public_transport,public_transport,1
2003680118,4,3,car,car,2
2006316725,4,4,car,car,0
2006761039,3,2,public_transport,public_transport,1
2007914980,3,3,spostamento multimodale,spostamento multimodale,0
2009837442,3,4,public_transport,public_transport,1
2015077649,2,3,car,walking,1
2015148444,4,4,motorcycle,motorcycle,1
2015385379,4,4,motorcycle,motorcycle,1
2015756525,4,4,motorcycle,motorcycle,0
2015777405,3,3,car,car,0
2016071526,2,3,public_transport,public_transport,1
2016313751,3,3,car,car,0
2017366263,4,4,motorcycle,motorcycle,1
2017509148,1,3,spostamento multimodale,car,0
2018374114,2,2,car,car,0
2019046699,4,3,car,walking,1
2020437855,3,2,public_transport,public_transport,0
2020592314,2,3,spostamento multimodale,spostamento multimodale,1
2020666502,3,3,car,car,1
2021773597,3,3,motorcycle,motorcycle,1
2024289069,3,3,car,car,0
2024545397,3,3,car,car,2
2026740117,3,3,car,bike,1
2028083946,3,3,car,car,0
2029044844,2,2,public_transport,public_transport,1
2030467335,2,3,car,car,1
2034143212,2,2,car,car,1
2035225524,2,2,public_transport,public_transport,0
2035576302,2,2,spostamento multimodale,public_transport,0
2037567297,3,4,car,car,2
2038762990,2,1,car,car,1
2038832291,1,3,spostamento multimodale,public_transport,0
2039722869,1,1,public_transport,public_transport,2
2040899664,4,4,car,car,1
2042597877,2,1,motorcycle,motorcycle,1
2044776983,3,2,car,car,1
2047866315,4,4,walking,public_transport,1
2049935492,3,3,car,car,0
2052378134,1,1,spostamento multimodale,public_transport,2
2053264137,4,3,car,car,2
2057032570,4,4,walking,walking,1
2061456480,2,1,public_transport,public_transport,1
2063222449,1,4,public_transport,public_transport,2
2063643210,3,3,car,car,0
2067107171,2,3,public_transport,public_transport,0
2073753904,1,2,public_transport,public_transport,0
2073973978,4,3,public_transport,public_transport,1
2074657170,1,2,public_transport,car,1
2075114556,1,1,spostamento multimodale,public_transport,1
2077435072,3,4,car,car,0
2078059468,3,3,car,car,1
2078240387,3,4,public_transport,public_transport,1
2081446279,3,2,public_transport,public_transport,0
2081699561,2,2,public_transport,public_transport,0
2082631700,4,4,car,car,0
2083596258,2,3,car,car,0
2083820367,4,4,car,car,0
2084457970,3,3,public_transport,public_transport,1
2085409190,3,4,car,car,0
2088371185,1,2,car,car,0
2090804891,4,4,motorcycle,motorcycle,1
2091763987,3,4,public_transport,walking,1
2092165462,4,3,motorcycle,motorcycle,1
2094036290,2,4,car,car,1
2094404102,4,4,motorcycle,motorcycle,1
2099291113,4,4,motorcycle,motorcycle,1
2099656113,2,1,bike,public_transport,1
2101060393,2,2,car,car,0
2101861070,3,4,car,car,0
2104329086,3,3,car,car,0
2105829087,2,3,car,car,1
2105873344,3,2,car,car,0
2108373688,4,4,car,car,1
2108517917,3,4,car,car,0
2108920911,3,4,spostamento multimodale,car,0
2109681972,2,3,car,car,1
2109941403,2,2,public_transport,public_transport,1
2110054874,2,3,public_transport,public_transport,0
2113473647,2,2,car,car,1
2113503633,3,3,spostamento multimodale,public_transport,0
2113941282,2,3,public_transport,public_transport,0
2114746114,2,2,public_transport,public_transport,1
2118745206,3,4,car,car,0
2120486969,2,1,car,car,1
2121019082,2,3,bike,car,1
2123314922,4,4,car,car,1
2123316591,4,4,public_transport,public_transport,1
2126600279,3,3,spostamento multimodale,public_transport,0
2126757694,4,4,car,car,1
2127309092,2,3,public_transport,public_transport,0
2127430179,1,3,walking,car,1
2127527578,2,4,car,car,1
2129093085,4,4,car,spostamento multimodale,2
2131616885,4,4,car,car,1
2132621900,3,4,car,car,0
2133563313,4,2,car,car,0
2134657671,2,3,car,car,1
2134982969,3,3,car,car,0
2135824163,3,3,public_transport,public_transport,0
2136729770,4,3,walking,walking,2
2137498249,3,4,motorcycle,car,1
2138826032,3,3,car,car,0
2139411815,4,4,car,car,1
2139692230,2,3,public_transport,public_transport,1
2139694320,3,3,public_transport,public_transport,0
2140955284,3,3,spostamento multimodale,public_transport,2
